
10002
0.01 1e-99
0.010007 1e-99
0.010014 1e-99
0.010021 1e-99
0.010028 1e-99
0.010035 1e-99
0.010042 1e-99
0.010048 1e-99
0.010055 1e-99
0.010062 1e-99
0.010069 1e-99
0.010076 1e-99
0.010083 1e-99
0.01009 1e-99
0.010097 1e-99
0.010104 1e-99
0.010111 1e-99
0.010118 1e-99
0.010125 1e-99
0.010132 1e-99
0.010139 1e-99
0.010146 1e-99
0.010153 1e-99
0.01016 1e-99
0.010167 1e-99
0.010174 1e-99
0.010181 1e-99
0.010188 1e-99
0.010195 1e-99
0.010202 1e-99
0.010209 1e-99
0.010216 1e-99
0.010224 1e-99
0.010231 1e-99
0.010238 1e-99
0.010245 1e-99
0.010252 1e-99
0.010259 1e-99
0.010266 1e-99
0.010273 1e-99
0.01028 1e-99
0.010287 1e-99
0.010294 1e-99
0.010301 1e-99
0.010309 1e-99
0.010316 1e-99
0.010323 1e-99
0.01033 1e-99
0.010337 1e-99
0.010344 1e-99
0.010351 1e-99
0.010359 1e-99
0.010366 1e-99
0.010373 1e-99
0.01038 1e-99
0.010387 1e-99
0.010394 1e-99
0.010402 1e-99
0.010409 1e-99
0.010416 1e-99
0.010423 1e-99
0.01043 1e-99
0.010438 1e-99
0.010445 1e-99
0.010452 1e-99
0.010459 1e-99
0.010466 1e-99
0.010474 1e-99
0.010481 1e-99
0.010488 1e-99
0.010495 1e-99
0.010503 1e-99
0.01051 1e-99
0.010517 1e-99
0.010524 1e-99
0.010532 1e-99
0.010539 1e-99
0.010546 1e-99
0.010554 1e-99
0.010561 1e-99
0.010568 1e-99
0.010575 1e-99
0.010583 1e-99
0.01059 1e-99
0.010597 1e-99
0.010605 1e-99
0.010612 1e-99
0.010619 1e-99
0.010627 1e-99
0.010634 1e-99
0.010641 1e-99
0.010649 1e-99
0.010656 1e-99
0.010664 1e-99
0.010671 1e-99
0.010678 1e-99
0.010686 1e-99
0.010693 1e-99
0.0107 1e-99
0.010708 1e-99
0.010715 1e-99
0.010723 1e-99
0.01073 1e-99
0.010737 1e-99
0.010745 1e-99
0.010752 1e-99
0.01076 1e-99
0.010767 1e-99
0.010775 1e-99
0.010782 1e-99
0.010789 1e-99
0.010797 1e-99
0.010804 1e-99
0.010812 1e-99
0.010819 1e-99
0.010827 1e-99
0.010834 1e-99
0.010842 1e-99
0.010849 1e-99
0.010857 1e-99
0.010864 1e-99
0.010872 1e-99
0.010879 1e-99
0.010887 1e-99
0.010894 1e-99
0.010902 1e-99
0.010909 1e-99
0.010917 1e-99
0.010924 1e-99
0.010932 1e-99
0.01094 1e-99
0.010947 1e-99
0.010955 1e-99
0.010962 1e-99
0.01097 1e-99
0.010977 1e-99
0.010985 1e-99
0.010993 1e-99
0.011 1e-99
0.011008 1e-99
0.011015 1e-99
0.011023 1e-99
0.011031 1e-99
0.011038 1e-99
0.011046 1e-99
0.011054 1e-99
0.011061 1e-99
0.011069 1e-99
0.011076 1e-99
0.011084 1e-99
0.011092 1e-99
0.011099 1e-99
0.011107 1e-99
0.011115 1e-99
0.011122 1e-99
0.01113 1e-99
0.011138 1e-99
0.011146 1e-99
0.011153 1e-99
0.011161 1e-99
0.011169 1e-99
0.011176 1e-99
0.011184 1e-99
0.011192 1e-99
0.0112 1e-99
0.011207 1e-99
0.011215 1e-99
0.011223 1e-99
0.011231 1e-99
0.011238 1e-99
0.011246 1e-99
0.011254 1e-99
0.011262 1e-99
0.011269 1e-99
0.011277 1e-99
0.011285 1e-99
0.011293 1e-99
0.011301 1e-99
0.011308 1e-99
0.011316 1e-99
0.011324 1e-99
0.011332 1e-99
0.01134 1e-99
0.011347 1e-99
0.011355 1e-99
0.011363 1e-99
0.011371 1e-99
0.011379 1e-99
0.011387 1e-99
0.011395 1e-99
0.011402 1e-99
0.01141 1e-99
0.011418 1e-99
0.011426 1e-99
0.011434 1e-99
0.011442 1e-99
0.01145 1e-99
0.011458 1e-99
0.011466 1e-99
0.011474 1e-99
0.011482 1e-99
0.011489 1e-99
0.011497 1e-99
0.011505 1e-99
0.011513 1e-99
0.011521 1e-99
0.011529 1e-99
0.011537 1e-99
0.011545 1e-99
0.011553 1e-99
0.011561 1e-99
0.011569 1e-99
0.011577 1e-99
0.011585 1e-99
0.011593 1e-99
0.011601 1e-99
0.011609 1e-99
0.011617 1e-99
0.011625 1e-99
0.011633 1e-99
0.011641 1e-99
0.011649 1e-99
0.011657 1e-99
0.011665 1e-99
0.011673 1e-99
0.011682 1e-99
0.01169 1e-99
0.011698 1e-99
0.011706 1e-99
0.011714 1e-99
0.011722 1e-99
0.01173 1e-99
0.011738 1e-99
0.011746 1e-99
0.011754 1e-99
0.011763 1e-99
0.011771 1e-99
0.011779 1e-99
0.011787 1e-99
0.011795 1e-99
0.011803 1e-99
0.011811 1e-99
0.01182 1e-99
0.011828 1e-99
0.011836 1e-99
0.011844 1e-99
0.011852 1e-99
0.01186 1e-99
0.011869 1e-99
0.011877 1e-99
0.011885 1e-99
0.011893 1e-99
0.011901 1e-99
0.01191 1e-99
0.011918 1e-99
0.011926 1e-99
0.011934 1e-99
0.011943 1e-99
0.011951 1e-99
0.011959 1e-99
0.011967 1e-99
0.011976 1e-99
0.011984 1e-99
0.011992 1e-99
0.012001 1e-99
0.012009 1e-99
0.012017 1e-99
0.012025 1e-99
0.012034 1e-99
0.012042 1e-99
0.01205 1e-99
0.012059 1e-99
0.012067 1e-99
0.012075 1e-99
0.012084 1e-99
0.012092 1e-99
0.0121 1e-99
0.012109 1e-99
0.012117 1e-99
0.012126 1e-99
0.012134 1e-99
0.012142 1e-99
0.012151 1e-99
0.012159 1e-99
0.012167 1e-99
0.012176 1e-99
0.012184 1e-99
0.012193 1e-99
0.012201 1e-99
0.01221 1e-99
0.012218 1e-99
0.012226 1e-99
0.012235 1e-99
0.012243 1e-99
0.012252 1e-99
0.01226 1e-99
0.012269 1e-99
0.012277 1e-99
0.012286 1e-99
0.012294 1e-99
0.012303 1e-99
0.012311 1e-99
0.01232 1e-99
0.012328 1e-99
0.012337 1e-99
0.012345 1e-99
0.012354 1e-99
0.012362 1e-99
0.012371 1e-99
0.012379 1e-99
0.012388 1e-99
0.012397 1e-99
0.012405 1e-99
0.012414 1e-99
0.012422 1e-99
0.012431 1e-99
0.012439 1e-99
0.012448 1e-99
0.012457 1e-99
0.012465 1e-99
0.012474 1e-99
0.012482 1e-99
0.012491 1e-99
0.0125 1e-99
0.012508 1e-99
0.012517 1e-99
0.012526 1e-99
0.012534 1e-99
0.012543 1e-99
0.012552 1e-99
0.01256 1e-99
0.012569 1e-99
0.012578 1e-99
0.012586 1e-99
0.012595 1e-99
0.012604 1e-99
0.012612 1e-99
0.012621 1e-99
0.01263 1e-99
0.012639 1e-99
0.012647 1e-99
0.012656 1e-99
0.012665 1e-99
0.012674 1e-99
0.012682 1e-99
0.012691 1e-99
0.0127 1e-99
0.012709 1e-99
0.012717 1e-99
0.012726 1e-99
0.012735 1e-99
0.012744 1e-99
0.012753 1e-99
0.012761 1e-99
0.01277 1e-99
0.012779 1e-99
0.012788 1e-99
0.012797 1e-99
0.012806 1e-99
0.012814 1e-99
0.012823 1e-99
0.012832 1e-99
0.012841 1e-99
0.01285 1e-99
0.012859 1e-99
0.012868 1e-99
0.012877 1e-99
0.012885 1e-99
0.012894 1e-99
0.012903 1e-99
0.012912 1e-99
0.012921 1e-99
0.01293 1e-99
0.012939 1e-99
0.012948 1e-99
0.012957 1e-99
0.012966 1e-99
0.012975 1e-99
0.012984 1e-99
0.012993 1e-99
0.013002 1e-99
0.013011 1e-99
0.01302 1e-99
0.013029 1e-99
0.013038 1e-99
0.013047 1e-99
0.013056 1e-99
0.013065 1e-99
0.013074 1e-99
0.013083 1e-99
0.013092 1e-99
0.013101 1e-99
0.01311 1e-99
0.013119 1e-99
0.013128 1e-99
0.013137 1e-99
0.013146 1e-99
0.013155 1e-99
0.013164 1e-99
0.013173 1e-99
0.013183 1e-99
0.013192 1e-99
0.013201 1e-99
0.01321 1e-99
0.013219 1e-99
0.013228 1e-99
0.013237 1e-99
0.013246 1e-99
0.013256 1e-99
0.013265 1e-99
0.013274 1e-99
0.013283 1e-99
0.013292 1e-99
0.013301 1e-99
0.013311 1e-99
0.01332 1e-99
0.013329 1e-99
0.013338 1e-99
0.013348 1e-99
0.013357 1e-99
0.013366 1e-99
0.013375 1e-99
0.013384 1e-99
0.013394 1e-99
0.013403 1e-99
0.013412 1e-99
0.013421 1e-99
0.013431 1e-99
0.01344 1e-99
0.013449 1e-99
0.013459 1e-99
0.013468 1e-99
0.013477 1e-99
0.013487 1e-99
0.013496 1e-99
0.013505 1e-99
0.013515 1e-99
0.013524 1e-99
0.013533 1e-99
0.013543 1e-99
0.013552 1e-99
0.013561 1e-99
0.013571 1e-99
0.01358 1e-99
0.013589 1e-99
0.013599 1e-99
0.013608 1e-99
0.013618 1e-99
0.013627 1e-99
0.013636 1e-99
0.013646 1e-99
0.013655 1e-99
0.013665 1e-99
0.013674 1e-99
0.013684 1e-99
0.013693 1e-99
0.013703 1e-99
0.013712 1e-99
0.013721 1e-99
0.013731 1e-99
0.01374 1e-99
0.01375 1e-99
0.013759 1e-99
0.013769 1e-99
0.013778 1e-99
0.013788 1e-99
0.013797 1e-99
0.013807 1e-99
0.013817 1e-99
0.013826 1e-99
0.013836 1e-99
0.013845 1e-99
0.013855 1e-99
0.013864 1e-99
0.013874 1e-99
0.013884 1e-99
0.013893 1e-99
0.013903 1e-99
0.013912 1e-99
0.013922 1e-99
0.013932 1e-99
0.013941 1e-99
0.013951 1e-99
0.01396 1e-99
0.01397 1e-99
0.01398 1e-99
0.013989 1e-99
0.013999 1e-99
0.014009 1e-99
0.014018 1e-99
0.014028 1e-99
0.014038 1e-99
0.014048 1e-99
0.014057 1e-99
0.014067 1e-99
0.014077 1e-99
0.014086 1e-99
0.014096 1e-99
0.014106 1e-99
0.014116 1e-99
0.014125 1e-99
0.014135 1e-99
0.014145 1e-99
0.014155 1e-99
0.014164 1e-99
0.014174 1e-99
0.014184 1e-99
0.014194 1e-99
0.014204 1e-99
0.014213 1e-99
0.014223 1e-99
0.014233 1e-99
0.014243 1e-99
0.014253 1e-99
0.014263 1e-99
0.014272 1e-99
0.014282 1e-99
0.014292 1e-99
0.014302 1e-99
0.014312 1e-99
0.014322 1e-99
0.014332 1e-99
0.014342 1e-99
0.014352 1e-99
0.014362 1e-99
0.014371 1e-99
0.014381 1e-99
0.014391 1e-99
0.014401 1e-99
0.014411 1e-99
0.014421 1e-99
0.014431 1e-99
0.014441 1e-99
0.014451 1e-99
0.014461 1e-99
0.014471 1e-99
0.014481 1e-99
0.014491 1e-99
0.014501 1e-99
0.014511 1e-99
0.014521 1e-99
0.014531 1e-99
0.014541 1e-99
0.014551 1e-99
0.014561 1e-99
0.014571 1e-99
0.014581 1e-99
0.014592 1e-99
0.014602 1e-99
0.014612 1e-99
0.014622 1e-99
0.014632 1e-99
0.014642 1e-99
0.014652 1e-99
0.014662 1e-99
0.014672 1e-99
0.014682 1e-99
0.014693 1e-99
0.014703 1e-99
0.014713 1e-99
0.014723 1e-99
0.014733 1e-99
0.014743 1e-99
0.014754 1e-99
0.014764 1e-99
0.014774 1e-99
0.014784 1e-99
0.014794 1e-99
0.014805 1e-99
0.014815 1e-99
0.014825 1e-99
0.014835 1e-99
0.014846 1e-99
0.014856 1e-99
0.014866 1e-99
0.014876 1e-99
0.014887 1e-99
0.014897 1e-99
0.014907 1e-99
0.014918 1e-99
0.014928 1e-99
0.014938 1e-99
0.014949 1e-99
0.014959 1e-99
0.014969 1e-99
0.01498 1e-99
0.01499 1e-99
0.015 1e-99
0.015011 1e-99
0.015021 1e-99
0.015031 1e-99
0.015042 1e-99
0.015052 1e-99
0.015063 1e-99
0.015073 1e-99
0.015083 1e-99
0.015094 1e-99
0.015104 1e-99
0.015115 1e-99
0.015125 1e-99
0.015136 1e-99
0.015146 1e-99
0.015157 1e-99
0.015167 1e-99
0.015177 1e-99
0.015188 1e-99
0.015198 1e-99
0.015209 1e-99
0.015219 1e-99
0.01523 1e-99
0.015241 1e-99
0.015251 1e-99
0.015262 1e-99
0.015272 1e-99
0.015283 1e-99
0.015293 1e-99
0.015304 1e-99
0.015314 1e-99
0.015325 1e-99
0.015336 1e-99
0.015346 1e-99
0.015357 1e-99
0.015367 1e-99
0.015378 1e-99
0.015389 1e-99
0.015399 1e-99
0.01541 1e-99
0.015421 1e-99
0.015431 1e-99
0.015442 1e-99
0.015453 1e-99
0.015463 1e-99
0.015474 1e-99
0.015485 1e-99
0.015495 1e-99
0.015506 1e-99
0.015517 1e-99
0.015527 1e-99
0.015538 1e-99
0.015549 1e-99
0.01556 1e-99
0.01557 1e-99
0.015581 1e-99
0.015592 1e-99
0.015603 1e-99
0.015613 1e-99
0.015624 1e-99
0.015635 1e-99
0.015646 1e-99
0.015657 1e-99
0.015668 1e-99
0.015678 1e-99
0.015689 1e-99
0.0157 1e-99
0.015711 1e-99
0.015722 1e-99
0.015733 1e-99
0.015743 1e-99
0.015754 1e-99
0.015765 1e-99
0.015776 1e-99
0.015787 1e-99
0.015798 1e-99
0.015809 1e-99
0.01582 1e-99
0.015831 1e-99
0.015842 1e-99
0.015853 1e-99
0.015864 1e-99
0.015874 1e-99
0.015885 1e-99
0.015896 1e-99
0.015907 1e-99
0.015918 1e-99
0.015929 1e-99
0.01594 1e-99
0.015951 1e-99
0.015962 1e-99
0.015973 1e-99
0.015985 1e-99
0.015996 1e-99
0.016007 1e-99
0.016018 1e-99
0.016029 1e-99
0.01604 1e-99
0.016051 1e-99
0.016062 1e-99
0.016073 1e-99
0.016084 1e-99
0.016095 1e-99
0.016106 1e-99
0.016118 1e-99
0.016129 1e-99
0.01614 1e-99
0.016151 1e-99
0.016162 1e-99
0.016173 1e-99
0.016185 1e-99
0.016196 1e-99
0.016207 1e-99
0.016218 1e-99
0.016229 1e-99
0.016241 1e-99
0.016252 1e-99
0.016263 1e-99
0.016274 1e-99
0.016285 1e-99
0.016297 1e-99
0.016308 1e-99
0.016319 1e-99
0.016331 1e-99
0.016342 1e-99
0.016353 1e-99
0.016364 1e-99
0.016376 1e-99
0.016387 1e-99
0.016398 1e-99
0.01641 1e-99
0.016421 1e-99
0.016432 1e-99
0.016444 1e-99
0.016455 1e-99
0.016466 1e-99
0.016478 1e-99
0.016489 1e-99
0.016501 1e-99
0.016512 1e-99
0.016523 1e-99
0.016535 1e-99
0.016546 1e-99
0.016558 1e-99
0.016569 1e-99
0.016581 1e-99
0.016592 1e-99
0.016604 1e-99
0.016615 1e-99
0.016626 1e-99
0.016638 1e-99
0.016649 1e-99
0.016661 1e-99
0.016672 1e-99
0.016684 1e-99
0.016696 1e-99
0.016707 1e-99
0.016719 1e-99
0.01673 1e-99
0.016742 1e-99
0.016753 1e-99
0.016765 1e-99
0.016776 1e-99
0.016788 1e-99
0.0168 1e-99
0.016811 1e-99
0.016823 1e-99
0.016834 1e-99
0.016846 1e-99
0.016858 1e-99
0.016869 1e-99
0.016881 1e-99
0.016893 1e-99
0.016904 1e-99
0.016916 1e-99
0.016928 1e-99
0.016939 1e-99
0.016951 1e-99
0.016963 1e-99
0.016975 1e-99
0.016986 1e-99
0.016998 1e-99
0.01701 1e-99
0.017022 1e-99
0.017033 1e-99
0.017045 1e-99
0.017057 1e-99
0.017069 1e-99
0.01708 1e-99
0.017092 1e-99
0.017104 1e-99
0.017116 1e-99
0.017128 1e-99
0.01714 1e-99
0.017151 1e-99
0.017163 1e-99
0.017175 1e-99
0.017187 1e-99
0.017199 1e-99
0.017211 1e-99
0.017223 1e-99
0.017235 1e-99
0.017246 1e-99
0.017258 1e-99
0.01727 1e-99
0.017282 1e-99
0.017294 1e-99
0.017306 1e-99
0.017318 1e-99
0.01733 1e-99
0.017342 1e-99
0.017354 1e-99
0.017366 1e-99
0.017378 1e-99
0.01739 1e-99
0.017402 1e-99
0.017414 1e-99
0.017426 1e-99
0.017438 1e-99
0.01745 1e-99
0.017462 1e-99
0.017474 1e-99
0.017486 1e-99
0.017498 1e-99
0.017511 1e-99
0.017523 1e-99
0.017535 1e-99
0.017547 1e-99
0.017559 1e-99
0.017571 1e-99
0.017583 1e-99
0.017595 1e-99
0.017608 1e-99
0.01762 1e-99
0.017632 1e-99
0.017644 1e-99
0.017656 1e-99
0.017669 1e-99
0.017681 1e-99
0.017693 1e-99
0.017705 1e-99
0.017717 1e-99
0.01773 1e-99
0.017742 1e-99
0.017754 1e-99
0.017766 1e-99
0.017779 1e-99
0.017791 1e-99
0.017803 1e-99
0.017816 1e-99
0.017828 1e-99
0.01784 1e-99
0.017853 1e-99
0.017865 1e-99
0.017877 1e-99
0.01789 1e-99
0.017902 1e-99
0.017914 1e-99
0.017927 1e-99
0.017939 1e-99
0.017951 1e-99
0.017964 1e-99
0.017976 1e-99
0.017989 1e-99
0.018001 1e-99
0.018014 1e-99
0.018026 1e-99
0.018038 1e-99
0.018051 1e-99
0.018063 1e-99
0.018076 1e-99
0.018088 1e-99
0.018101 1e-99
0.018113 1e-99
0.018126 1e-99
0.018138 1e-99
0.018151 1e-99
0.018164 1e-99
0.018176 1e-99
0.018189 1e-99
0.018201 1e-99
0.018214 1e-99
0.018226 1e-99
0.018239 1e-99
0.018252 1e-99
0.018264 1e-99
0.018277 1e-99
0.018289 1e-99
0.018302 1e-99
0.018315 1e-99
0.018327 1e-99
0.01834 1e-99
0.018353 1e-99
0.018365 1e-99
0.018378 1e-99
0.018391 1e-99
0.018403 1e-99
0.018416 1e-99
0.018429 1e-99
0.018442 1e-99
0.018454 1e-99
0.018467 1e-99
0.01848 1e-99
0.018493 1e-99
0.018505 1e-99
0.018518 1e-99
0.018531 1e-99
0.018544 1e-99
0.018557 1e-99
0.018569 1e-99
0.018582 1e-99
0.018595 1e-99
0.018608 1e-99
0.018621 1e-99
0.018634 1e-99
0.018647 1e-99
0.018659 1e-99
0.018672 1e-99
0.018685 1e-99
0.018698 1e-99
0.018711 1e-99
0.018724 1e-99
0.018737 1e-99
0.01875 1e-99
0.018763 1e-99
0.018776 1e-99
0.018789 1e-99
0.018802 1e-99
0.018815 1e-99
0.018828 1e-99
0.018841 1e-99
0.018854 1e-99
0.018867 1e-99
0.01888 1e-99
0.018893 1e-99
0.018906 1e-99
0.018919 1e-99
0.018932 1e-99
0.018945 1e-99
0.018958 1e-99
0.018971 1e-99
0.018985 1e-99
0.018998 1e-99
0.019011 1e-99
0.019024 1e-99
0.019037 1e-99
0.01905 1e-99
0.019063 1e-99
0.019077 1e-99
0.01909 1e-99
0.019103 1e-99
0.019116 1e-99
0.019129 1e-99
0.019143 1e-99
0.019156 1e-99
0.019169 1e-99
0.019182 1e-99
0.019196 1e-99
0.019209 1e-99
0.019222 1e-99
0.019235 1e-99
0.019249 1e-99
0.019262 1e-99
0.019275 1e-99
0.019289 1e-99
0.019302 1e-99
0.019315 1e-99
0.019329 1e-99
0.019342 1e-99
0.019355 1e-99
0.019369 1e-99
0.019382 1e-99
0.019395 1e-99
0.019409 1e-99
0.019422 1e-99
0.019436 1e-99
0.019449 1e-99
0.019463 1e-99
0.019476 1e-99
0.019489 1e-99
0.019503 1e-99
0.019516 1e-99
0.01953 1e-99
0.019543 1e-99
0.019557 1e-99
0.01957 1e-99
0.019584 1e-99
0.019597 1e-99
0.019611 1e-99
0.019625 1e-99
0.019638 1e-99
0.019652 1e-99
0.019665 1e-99
0.019679 1e-99
0.019692 1e-99
0.019706 1e-99
0.01972 1e-99
0.019733 1e-99
0.019747 1e-99
0.019761 1e-99
0.019774 1e-99
0.019788 1e-99
0.019802 1e-99
0.019815 1e-99
0.019829 1e-99
0.019843 1e-99
0.019856 1e-99
0.01987 1e-99
0.019884 1e-99
0.019898 1e-99
0.019911 1e-99
0.019925 1e-99
0.019939 1e-99
0.019953 1e-99
0.019966 1e-99
0.01998 1e-99
0.019994 1e-99
0.020008 1e-99
0.020022 1e-99
0.020035 1e-99
0.020049 1e-99
0.020063 1e-99
0.020077 1e-99
0.020091 1e-99
0.020105 1e-99
0.020119 1e-99
0.020133 1e-99
0.020147 1e-99
0.02016 1e-99
0.020174 1e-99
0.020188 1e-99
0.020202 1e-99
0.020216 1e-99
0.02023 1e-99
0.020244 1e-99
0.020258 1e-99
0.020272 1e-99
0.020286 1e-99
0.0203 1e-99
0.020314 1e-99
0.020328 1e-99
0.020342 1e-99
0.020356 1e-99
0.02037 1e-99
0.020384 1e-99
0.020399 1e-99
0.020413 1e-99
0.020427 1e-99
0.020441 1e-99
0.020455 1e-99
0.020469 1e-99
0.020483 1e-99
0.020497 1e-99
0.020512 1e-99
0.020526 1e-99
0.02054 1e-99
0.020554 1e-99
0.020568 1e-99
0.020583 1e-99
0.020597 1e-99
0.020611 1e-99
0.020625 1e-99
0.02064 1e-99
0.020654 1e-99
0.020668 1e-99
0.020682 1e-99
0.020697 1e-99
0.020711 1e-99
0.020725 1e-99
0.02074 1e-99
0.020754 1e-99
0.020768 1e-99
0.020783 1e-99
0.020797 1e-99
0.020811 1e-99
0.020826 1e-99
0.02084 1e-99
0.020855 1e-99
0.020869 1e-99
0.020883 1e-99
0.020898 1e-99
0.020912 1e-99
0.020927 1e-99
0.020941 1e-99
0.020956 1e-99
0.02097 1e-99
0.020985 1e-99
0.020999 1e-99
0.021014 1e-99
0.021028 1e-99
0.021043 1e-99
0.021057 1e-99
0.021072 1e-99
0.021086 1e-99
0.021101 1e-99
0.021115 1e-99
0.02113 1e-99
0.021145 1e-99
0.021159 1e-99
0.021174 1e-99
0.021188 1e-99
0.021203 1e-99
0.021218 1e-99
0.021232 1e-99
0.021247 1e-99
0.021262 1e-99
0.021276 1e-99
0.021291 1e-99
0.021306 1e-99
0.021321 1e-99
0.021335 1e-99
0.02135 1e-99
0.021365 1e-99
0.02138 1e-99
0.021394 1e-99
0.021409 1e-99
0.021424 1e-99
0.021439 1e-99
0.021454 1e-99
0.021468 1e-99
0.021483 1e-99
0.021498 1e-99
0.021513 1e-99
0.021528 1e-99
0.021543 1e-99
0.021558 1e-99
0.021572 1e-99
0.021587 1e-99
0.021602 1e-99
0.021617 1e-99
0.021632 1e-99
0.021647 1e-99
0.021662 1e-99
0.021677 1e-99
0.021692 1e-99
0.021707 1e-99
0.021722 1e-99
0.021737 1e-99
0.021752 1e-99
0.021767 1e-99
0.021782 1e-99
0.021797 1e-99
0.021812 1e-99
0.021827 1e-99
0.021842 1e-99
0.021857 1e-99
0.021873 1e-99
0.021888 1e-99
0.021903 1e-99
0.021918 1e-99
0.021933 1e-99
0.021948 1e-99
0.021963 1e-99
0.021979 1e-99
0.021994 1e-99
0.022009 1e-99
0.022024 1e-99
0.022039 1e-99
0.022055 1e-99
0.02207 1e-99
0.022085 1e-99
0.0221 1e-99
0.022116 1e-99
0.022131 1e-99
0.022146 1e-99
0.022162 1e-99
0.022177 1e-99
0.022192 1e-99
0.022208 1e-99
0.022223 1e-99
0.022238 1e-99
0.022254 1e-99
0.022269 1e-99
0.022284 1e-99
0.0223 1e-99
0.022315 1e-99
0.022331 1e-99
0.022346 1e-99
0.022361 1e-99
0.022377 1e-99
0.022392 1e-99
0.022408 1e-99
0.022423 1e-99
0.022439 1e-99
0.022454 1e-99
0.02247 1e-99
0.022485 1e-99
0.022501 1e-99
0.022516 1e-99
0.022532 1e-99
0.022548 1e-99
0.022563 1e-99
0.022579 1e-99
0.022594 1e-99
0.02261 1e-99
0.022626 1e-99
0.022641 1e-99
0.022657 1e-99
0.022673 1e-99
0.022688 1e-99
0.022704 1e-99
0.02272 1e-99
0.022735 1e-99
0.022751 1e-99
0.022767 1e-99
0.022782 1e-99
0.022798 1e-99
0.022814 1e-99
0.02283 1e-99
0.022845 1e-99
0.022861 1e-99
0.022877 1e-99
0.022893 1e-99
0.022909 1e-99
0.022925 1e-99
0.02294 1e-99
0.022956 1e-99
0.022972 1e-99
0.022988 1e-99
0.023004 1e-99
0.02302 1e-99
0.023036 1e-99
0.023052 1e-99
0.023067 1e-99
0.023083 1e-99
0.023099 1e-99
0.023115 1e-99
0.023131 1e-99
0.023147 1e-99
0.023163 1e-99
0.023179 1e-99
0.023195 1e-99
0.023211 1e-99
0.023227 1e-99
0.023243 1e-99
0.023259 1e-99
0.023276 1e-99
0.023292 1e-99
0.023308 1e-99
0.023324 1e-99
0.02334 1e-99
0.023356 1e-99
0.023372 1e-99
0.023388 1e-99
0.023405 1e-99
0.023421 1e-99
0.023437 1e-99
0.023453 1e-99
0.023469 1e-99
0.023486 1e-99
0.023502 1e-99
0.023518 1e-99
0.023534 1e-99
0.02355 1e-99
0.023567 1e-99
0.023583 1e-99
0.023599 1e-99
0.023616 1e-99
0.023632 1e-99
0.023648 1e-99
0.023665 1e-99
0.023681 1e-99
0.023697 1e-99
0.023714 1e-99
0.02373 1e-99
0.023747 1e-99
0.023763 1e-99
0.023779 1e-99
0.023796 1e-99
0.023812 1e-99
0.023829 1e-99
0.023845 1e-99
0.023862 1e-99
0.023878 1e-99
0.023895 1e-99
0.023911 1e-99
0.023928 1e-99
0.023944 1e-99
0.023961 1e-99
0.023977 1e-99
0.023994 1e-99
0.02401 1e-99
0.024027 1e-99
0.024044 1e-99
0.02406 1e-99
0.024077 1e-99
0.024094 1e-99
0.02411 1e-99
0.024127 1e-99
0.024143 1e-99
0.02416 1e-99
0.024177 1e-99
0.024194 1e-99
0.02421 1e-99
0.024227 1e-99
0.024244 1e-99
0.024261 1e-99
0.024277 1e-99
0.024294 1e-99
0.024311 1e-99
0.024328 1e-99
0.024344 1e-99
0.024361 1e-99
0.024378 1e-99
0.024395 1e-99
0.024412 1e-99
0.024429 1e-99
0.024446 1e-99
0.024462 1e-99
0.024479 1e-99
0.024496 1e-99
0.024513 1e-99
0.02453 1e-99
0.024547 1e-99
0.024564 1e-99
0.024581 1e-99
0.024598 1e-99
0.024615 1e-99
0.024632 1e-99
0.024649 1e-99
0.024666 1e-99
0.024683 1e-99
0.0247 1e-99
0.024717 1e-99
0.024734 1e-99
0.024751 1e-99
0.024769 1e-99
0.024786 1e-99
0.024803 1e-99
0.02482 1e-99
0.024837 1e-99
0.024854 1e-99
0.024871 1e-99
0.024889 1e-99
0.024906 1e-99
0.024923 1e-99
0.02494 1e-99
0.024957 1e-99
0.024975 1e-99
0.024992 1e-99
0.025009 1e-99
0.025026 1e-99
0.025044 1e-99
0.025061 1e-99
0.025078 1e-99
0.025096 1e-99
0.025113 1e-99
0.02513 1e-99
0.025148 1e-99
0.025165 1e-99
0.025183 1e-99
0.0252 1e-99
0.025217 1e-99
0.025235 1e-99
0.025252 1e-99
0.02527 1e-99
0.025287 1e-99
0.025305 1e-99
0.025322 1e-99
0.02534 1e-99
0.025357 1e-99
0.025375 1e-99
0.025392 1e-99
0.02541 1e-99
0.025427 1e-99
0.025445 1e-99
0.025462 1e-99
0.02548 1e-99
0.025498 1e-99
0.025515 1e-99
0.025533 1e-99
0.025551 1e-99
0.025568 1e-99
0.025586 1e-99
0.025604 1e-99
0.025621 1e-99
0.025639 1e-99
0.025657 1e-99
0.025674 1e-99
0.025692 1e-99
0.02571 1e-99
0.025728 1e-99
0.025745 1e-99
0.025763 1e-99
0.025781 1e-99
0.025799 1e-99
0.025817 1e-99
0.025834 1e-99
0.025852 1e-99
0.02587 1e-99
0.025888 1e-99
0.025906 1e-99
0.025924 1e-99
0.025942 1e-99
0.02596 1e-99
0.025978 1e-99
0.025996 1e-99
0.026014 1e-99
0.026032 1e-99
0.02605 1e-99
0.026068 1e-99
0.026086 1e-99
0.026104 1e-99
0.026122 1e-99
0.02614 1e-99
0.026158 1e-99
0.026176 1e-99
0.026194 1e-99
0.026212 1e-99
0.02623 1e-99
0.026248 1e-99
0.026266 1e-99
0.026285 1e-99
0.026303 1e-99
0.026321 1e-99
0.026339 1e-99
0.026357 1e-99
0.026375 1e-99
0.026394 1e-99
0.026412 1e-99
0.02643 1e-99
0.026448 1e-99
0.026467 1e-99
0.026485 1e-99
0.026503 1e-99
0.026522 1e-99
0.02654 1e-99
0.026558 1e-99
0.026577 1e-99
0.026595 1e-99
0.026613 1e-99
0.026632 1e-99
0.02665 1e-99
0.026669 1e-99
0.026687 1e-99
0.026705 1e-99
0.026724 1e-99
0.026742 1e-99
0.026761 1e-99
0.026779 1e-99
0.026798 1e-99
0.026816 1e-99
0.026835 1e-99
0.026853 1e-99
0.026872 1e-99
0.026891 1e-99
0.026909 1e-99
0.026928 1e-99
0.026946 1e-99
0.026965 1e-99
0.026984 1e-99
0.027002 1e-99
0.027021 1e-99
0.02704 1e-99
0.027058 1e-99
0.027077 1e-99
0.027096 1e-99
0.027114 1e-99
0.027133 1e-99
0.027152 1e-99
0.027171 1e-99
0.027189 1e-99
0.027208 1e-99
0.027227 1e-99
0.027246 1e-99
0.027265 1e-99
0.027283 1e-99
0.027302 1e-99
0.027321 1e-99
0.02734 1e-99
0.027359 1e-99
0.027378 1e-99
0.027397 1e-99
0.027416 1e-99
0.027435 1e-99
0.027454 1e-99
0.027473 1e-99
0.027492 1e-99
0.027511 1e-99
0.02753 1e-99
0.027549 1e-99
0.027568 1e-99
0.027587 1e-99
0.027606 1e-99
0.027625 1e-99
0.027644 1e-99
0.027663 1e-99
0.027682 1e-99
0.027701 1e-99
0.02772 1e-99
0.02774 1e-99
0.027759 1e-99
0.027778 1e-99
0.027797 1e-99
0.027816 1e-99
0.027836 1e-99
0.027855 1e-99
0.027874 1e-99
0.027893 1e-99
0.027913 1e-99
0.027932 1e-99
0.027951 1e-99
0.02797 1e-99
0.02799 1e-99
0.028009 1e-99
0.028029 1e-99
0.028048 1e-99
0.028067 1e-99
0.028087 1e-99
0.028106 1e-99
0.028125 1e-99
0.028145 1e-99
0.028164 1e-99
0.028184 1e-99
0.028203 1e-99
0.028223 1e-99
0.028242 1e-99
0.028262 1e-99
0.028281 1e-99
0.028301 1e-99
0.02832 1e-99
0.02834 1e-99
0.02836 1e-99
0.028379 1e-99
0.028399 1e-99
0.028418 1e-99
0.028438 1e-99
0.028458 1e-99
0.028477 1e-99
0.028497 1e-99
0.028517 1e-99
0.028536 1e-99
0.028556 1e-99
0.028576 1e-99
0.028596 1e-99
0.028615 1e-99
0.028635 1e-99
0.028655 1e-99
0.028675 1e-99
0.028695 1e-99
0.028714 1e-99
0.028734 1e-99
0.028754 1e-99
0.028774 1e-99
0.028794 1e-99
0.028814 1e-99
0.028834 1e-99
0.028854 1e-99
0.028874 1e-99
0.028893 1e-99
0.028913 1e-99
0.028933 1e-99
0.028953 1e-99
0.028973 1e-99
0.028993 1e-99
0.029013 1e-99
0.029034 1e-99
0.029054 1e-99
0.029074 1e-99
0.029094 1e-99
0.029114 1e-99
0.029134 1e-99
0.029154 1e-99
0.029174 1e-99
0.029194 1e-99
0.029215 1e-99
0.029235 1e-99
0.029255 1e-99
0.029275 1e-99
0.029295 1e-99
0.029316 1e-99
0.029336 1e-99
0.029356 1e-99
0.029376 1e-99
0.029397 1e-99
0.029417 1e-99
0.029437 1e-99
0.029458 1e-99
0.029478 1e-99
0.029499 1e-99
0.029519 1e-99
0.029539 1e-99
0.02956 1e-99
0.02958 1e-99
0.029601 1e-99
0.029621 1e-99
0.029641 1e-99
0.029662 1e-99
0.029682 1e-99
0.029703 1e-99
0.029724 1e-99
0.029744 1e-99
0.029765 1e-99
0.029785 1e-99
0.029806 1e-99
0.029826 1e-99
0.029847 1e-99
0.029868 1e-99
0.029888 1e-99
0.029909 1e-99
0.02993 1e-99
0.02995 1e-99
0.029971 1e-99
0.029992 1e-99
0.030012 1e-99
0.030033 1e-99
0.030054 1e-99
0.030075 1e-99
0.030095 1e-99
0.030116 1e-99
0.030137 1e-99
0.030158 1e-99
0.030179 1e-99
0.0302 1e-99
0.03022 1e-99
0.030241 1e-99
0.030262 1e-99
0.030283 1e-99
0.030304 1e-99
0.030325 1e-99
0.030346 1e-99
0.030367 1e-99
0.030388 1e-99
0.030409 1e-99
0.03043 1e-99
0.030451 1e-99
0.030472 1e-99
0.030493 1e-99
0.030514 1e-99
0.030535 1e-99
0.030556 1e-99
0.030577 1e-99
0.030598 1e-99
0.03062 1e-99
0.030641 1e-99
0.030662 1e-99
0.030683 1e-99
0.030704 1e-99
0.030726 1e-99
0.030747 1e-99
0.030768 1e-99
0.030789 1e-99
0.030811 1e-99
0.030832 1e-99
0.030853 1e-99
0.030875 1e-99
0.030896 1e-99
0.030917 1e-99
0.030939 1e-99
0.03096 1e-99
0.030981 1e-99
0.031003 1e-99
0.031024 1e-99
0.031046 1e-99
0.031067 1e-99
0.031089 1e-99
0.03111 1e-99
0.031131 1e-99
0.031153 1e-99
0.031175 1e-99
0.031196 1e-99
0.031218 1e-99
0.031239 1e-99
0.031261 1e-99
0.031282 1e-99
0.031304 1e-99
0.031326 1e-99
0.031347 1e-99
0.031369 1e-99
0.031391 1e-99
0.031412 1e-99
0.031434 1e-99
0.031456 1e-99
0.031477 1e-99
0.031499 1e-99
0.031521 1e-99
0.031543 1e-99
0.031565 1e-99
0.031586 1e-99
0.031608 1e-99
0.03163 1e-99
0.031652 1e-99
0.031674 1e-99
0.031696 1e-99
0.031718 1e-99
0.031739 1e-99
0.031761 1e-99
0.031783 1e-99
0.031805 1e-99
0.031827 1e-99
0.031849 1e-99
0.031871 1e-99
0.031893 1e-99
0.031915 1e-99
0.031937 1e-99
0.03196 1e-99
0.031982 1e-99
0.032004 1e-99
0.032026 1e-99
0.032048 1e-99
0.03207 1e-99
0.032092 1e-99
0.032114 1e-99
0.032137 1e-99
0.032159 1e-99
0.032181 1e-99
0.032203 1e-99
0.032226 1e-99
0.032248 1e-99
0.03227 1e-99
0.032292 1e-99
0.032315 1e-99
0.032337 1e-99
0.032359 1e-99
0.032382 1e-99
0.032404 1e-99
0.032426 1e-99
0.032449 1e-99
0.032471 1e-99
0.032494 1e-99
0.032516 1e-99
0.032539 1e-99
0.032561 1e-99
0.032584 1e-99
0.032606 1e-99
0.032629 1e-99
0.032651 1e-99
0.032674 1e-99
0.032696 1e-99
0.032719 1e-99
0.032742 1e-99
0.032764 1e-99
0.032787 1e-99
0.03281 1e-99
0.032832 1e-99
0.032855 1e-99
0.032878 1e-99
0.0329 1e-99
0.032923 1e-99
0.032946 1e-99
0.032969 1e-99
0.032991 1e-99
0.033014 1e-99
0.033037 1e-99
0.03306 1e-99
0.033083 1e-99
0.033105 1e-99
0.033128 1e-99
0.033151 1e-99
0.033174 1e-99
0.033197 1e-99
0.03322 1e-99
0.033243 1e-99
0.033266 1e-99
0.033289 1e-99
0.033312 1e-99
0.033335 1e-99
0.033358 1e-99
0.033381 1e-99
0.033404 1e-99
0.033427 1e-99
0.03345 1e-99
0.033473 1e-99
0.033497 1e-99
0.03352 1e-99
0.033543 1e-99
0.033566 1e-99
0.033589 1e-99
0.033612 1e-99
0.033636 1e-99
0.033659 1e-99
0.033682 1e-99
0.033705 1e-99
0.033729 1e-99
0.033752 1e-99
0.033775 1e-99
0.033799 1e-99
0.033822 1e-99
0.033845 1e-99
0.033869 1e-99
0.033892 1e-99
0.033916 1e-99
0.033939 1e-99
0.033963 1e-99
0.033986 1e-99
0.034009 1e-99
0.034033 1e-99
0.034056 1e-99
0.03408 1e-99
0.034104 1e-99
0.034127 1e-99
0.034151 1e-99
0.034174 1e-99
0.034198 1e-99
0.034222 1e-99
0.034245 1e-99
0.034269 1e-99
0.034293 1e-99
0.034316 1e-99
0.03434 1e-99
0.034364 1e-99
0.034387 1e-99
0.034411 1e-99
0.034435 1e-99
0.034459 1e-99
0.034483 1e-99
0.034506 1e-99
0.03453 1e-99
0.034554 1e-99
0.034578 1e-99
0.034602 1e-99
0.034626 1e-99
0.03465 1e-99
0.034674 1e-99
0.034698 1e-99
0.034722 1e-99
0.034746 1e-99
0.03477 1e-99
0.034794 1e-99
0.034818 1e-99
0.034842 1e-99
0.034866 1e-99
0.03489 1e-99
0.034914 1e-99
0.034938 1e-99
0.034962 1e-99
0.034986 1e-99
0.035011 1e-99
0.035035 1e-99
0.035059 1e-99
0.035083 1e-99
0.035108 1e-99
0.035132 1e-99
0.035156 1e-99
0.03518 1e-99
0.035205 1e-99
0.035229 1e-99
0.035253 1e-99
0.035278 1e-99
0.035302 1e-99
0.035326 1e-99
0.035351 1e-99
0.035375 1e-99
0.0354 1e-99
0.035424 1e-99
0.035449 1e-99
0.035473 1e-99
0.035498 1e-99
0.035522 1e-99
0.035547 1e-99
0.035571 1e-99
0.035596 1e-99
0.03562 1e-99
0.035645 1e-99
0.03567 1e-99
0.035694 1e-99
0.035719 1e-99
0.035744 1e-99
0.035768 1e-99
0.035793 1e-99
0.035818 1e-99
0.035843 1e-99
0.035867 1e-99
0.035892 1e-99
0.035917 1e-99
0.035942 1e-99
0.035967 1e-99
0.035992 1e-99
0.036016 1e-99
0.036041 1e-99
0.036066 1e-99
0.036091 1e-99
0.036116 1e-99
0.036141 1e-99
0.036166 1e-99
0.036191 1e-99
0.036216 1e-99
0.036241 1e-99
0.036266 1e-99
0.036291 1e-99
0.036316 1e-99
0.036341 1e-99
0.036366 1e-99
0.036392 1e-99
0.036417 1e-99
0.036442 1e-99
0.036467 1e-99
0.036492 1e-99
0.036517 1e-99
0.036543 1e-99
0.036568 1e-99
0.036593 1e-99
0.036618 1e-99
0.036644 1e-99
0.036669 1e-99
0.036694 1e-99
0.03672 1e-99
0.036745 1e-99
0.036771 1e-99
0.036796 1e-99
0.036821 1e-99
0.036847 1e-99
0.036872 1e-99
0.036898 1e-99
0.036923 1e-99
0.036949 1e-99
0.036974 1e-99
0.037 1e-99
0.037025 1e-99
0.037051 1e-99
0.037077 1e-99
0.037102 1e-99
0.037128 1e-99
0.037154 1e-99
0.037179 1e-99
0.037205 1e-99
0.037231 1e-99
0.037256 1e-99
0.037282 1e-99
0.037308 1e-99
0.037334 1e-99
0.037359 1e-99
0.037385 1e-99
0.037411 1e-99
0.037437 1e-99
0.037463 1e-99
0.037489 1e-99
0.037515 1e-99
0.03754 1e-99
0.037566 1e-99
0.037592 1e-99
0.037618 1e-99
0.037644 1e-99
0.03767 1e-99
0.037696 1e-99
0.037722 1e-99
0.037749 1e-99
0.037775 1e-99
0.037801 1e-99
0.037827 1e-99
0.037853 1e-99
0.037879 1e-99
0.037905 1e-99
0.037931 1e-99
0.037958 1e-99
0.037984 1e-99
0.03801 1e-99
0.038036 1e-99
0.038063 1e-99
0.038089 1e-99
0.038115 1e-99
0.038142 1e-99
0.038168 1e-99
0.038194 1e-99
0.038221 1e-99
0.038247 1e-99
0.038274 1e-99
0.0383 1e-99
0.038327 1e-99
0.038353 1e-99
0.03838 1e-99
0.038406 1e-99
0.038433 1e-99
0.038459 1e-99
0.038486 1e-99
0.038512 1e-99
0.038539 1e-99
0.038566 1e-99
0.038592 1e-99
0.038619 1e-99
0.038646 1e-99
0.038672 1e-99
0.038699 1e-99
0.038726 1e-99
0.038753 1e-99
0.038779 1e-99
0.038806 1e-99
0.038833 1e-99
0.03886 1e-99
0.038887 1e-99
0.038913 1e-99
0.03894 1e-99
0.038967 1e-99
0.038994 1e-99
0.039021 1e-99
0.039048 1e-99
0.039075 1e-99
0.039102 1e-99
0.039129 1e-99
0.039156 1e-99
0.039183 1e-99
0.03921 1e-99
0.039237 1e-99
0.039264 1e-99
0.039292 1e-99
0.039319 1e-99
0.039346 1e-99
0.039373 1e-99
0.0394 1e-99
0.039428 1e-99
0.039455 1e-99
0.039482 1e-99
0.039509 1e-99
0.039537 1e-99
0.039564 1e-99
0.039591 1e-99
0.039619 1e-99
0.039646 1e-99
0.039673 1e-99
0.039701 1e-99
0.039728 1e-99
0.039756 1e-99
0.039783 1e-99
0.039811 1e-99
0.039838 1e-99
0.039866 1e-99
0.039893 1e-99
0.039921 1e-99
0.039948 1e-99
0.039976 1e-99
0.040004 1e-99
0.040031 1e-99
0.040059 1e-99
0.040087 1e-99
0.040114 1e-99
0.040142 1e-99
0.04017 1e-99
0.040198 1e-99
0.040225 1e-99
0.040253 1e-99
0.040281 1e-99
0.040309 1e-99
0.040337 1e-99
0.040365 1e-99
0.040392 1e-99
0.04042 1e-99
0.040448 1e-99
0.040476 1e-99
0.040504 1e-99
0.040532 1e-99
0.04056 1e-99
0.040588 1e-99
0.040616 1e-99
0.040644 1e-99
0.040672 1e-99
0.040701 1e-99
0.040729 1e-99
0.040757 1e-99
0.040785 1e-99
0.040813 1e-99
0.040841 1e-99
0.04087 1e-99
0.040898 1e-99
0.040926 1e-99
0.040954 1e-99
0.040983 1e-99
0.041011 1e-99
0.041039 1e-99
0.041068 1e-99
0.041096 1e-99
0.041124 1e-99
0.041153 1e-99
0.041181 1e-99
0.04121 1e-99
0.041238 1e-99
0.041267 1e-99
0.041295 1e-99
0.041324 1e-99
0.041352 1e-99
0.041381 1e-99
0.04141 1e-99
0.041438 1e-99
0.041467 1e-99
0.041495 1e-99
0.041524 1e-99
0.041553 1e-99
0.041581 1e-99
0.04161 1e-99
0.041639 1e-99
0.041668 1e-99
0.041697 1e-99
0.041725 1e-99
0.041754 1e-99
0.041783 1e-99
0.041812 1e-99
0.041841 1e-99
0.04187 1e-99
0.041899 1e-99
0.041928 1e-99
0.041957 1e-99
0.041986 1e-99
0.042015 1e-99
0.042044 1e-99
0.042073 1e-99
0.042102 1e-99
0.042131 1e-99
0.04216 1e-99
0.042189 1e-99
0.042218 1e-99
0.042247 1e-99
0.042277 1e-99
0.042306 1e-99
0.042335 1e-99
0.042364 1e-99
0.042394 1e-99
0.042423 1e-99
0.042452 1e-99
0.042482 1e-99
0.042511 1e-99
0.04254 1e-99
0.04257 1e-99
0.042599 1e-99
0.042628 1e-99
0.042658 1e-99
0.042687 1e-99
0.042717 1e-99
0.042746 1e-99
0.042776 1e-99
0.042806 1e-99
0.042835 1e-99
0.042865 1e-99
0.042894 1e-99
0.042924 1e-99
0.042954 1e-99
0.042983 1e-99
0.043013 1e-99
0.043043 1e-99
0.043072 1e-99
0.043102 1e-99
0.043132 1e-99
0.043162 1e-99
0.043192 1e-99
0.043222 1e-99
0.043251 1e-99
0.043281 1e-99
0.043311 1e-99
0.043341 1e-99
0.043371 1e-99
0.043401 1e-99
0.043431 1e-99
0.043461 1e-99
0.043491 1e-99
0.043521 1e-99
0.043551 1e-99
0.043581 1e-99
0.043611 1e-99
0.043642 1e-99
0.043672 1e-99
0.043702 1e-99
0.043732 1e-99
0.043762 1e-99
0.043793 1e-99
0.043823 1e-99
0.043853 1e-99
0.043883 1e-99
0.043914 1e-99
0.043944 1e-99
0.043974 1e-99
0.044005 1e-99
0.044035 1e-99
0.044066 1e-99
0.044096 1e-99
0.044127 1e-99
0.044157 1e-99
0.044188 1e-99
0.044218 1e-99
0.044249 1e-99
0.044279 1e-99
0.04431 1e-99
0.04434 1e-99
0.044371 1e-99
0.044402 1e-99
0.044432 1e-99
0.044463 1e-99
0.044494 1e-99
0.044525 1e-99
0.044555 1e-99
0.044586 1e-99
0.044617 1e-99
0.044648 1e-99
0.044679 1e-99
0.04471 1e-99
0.04474 1e-99
0.044771 1e-99
0.044802 1e-99
0.044833 1e-99
0.044864 1e-99
0.044895 1e-99
0.044926 1e-99
0.044957 1e-99
0.044988 1e-99
0.045019 1e-99
0.045051 1e-99
0.045082 1e-99
0.045113 1e-99
0.045144 1e-99
0.045175 1e-99
0.045206 1e-99
0.045238 1e-99
0.045269 1e-99
0.0453 1e-99
0.045331 1e-99
0.045363 1e-99
0.045394 1e-99
0.045426 1e-99
0.045457 1e-99
0.045488 1e-99
0.04552 1e-99
0.045551 1e-99
0.045583 1e-99
0.045614 1e-99
0.045646 1e-99
0.045677 1e-99
0.045709 1e-99
0.04574 1e-99
0.045772 1e-99
0.045804 1e-99
0.045835 1e-99
0.045867 1e-99
0.045899 1e-99
0.04593 1e-99
0.045962 1e-99
0.045994 1e-99
0.046026 1e-99
0.046057 1e-99
0.046089 1e-99
0.046121 1e-99
0.046153 1e-99
0.046185 1e-99
0.046217 1e-99
0.046249 1e-99
0.046281 1e-99
0.046313 1e-99
0.046345 1e-99
0.046377 1e-99
0.046409 1e-99
0.046441 1e-99
0.046473 1e-99
0.046505 1e-99
0.046537 1e-99
0.046569 1e-99
0.046602 1e-99
0.046634 1e-99
0.046666 1e-99
0.046698 1e-99
0.04673 1e-99
0.046763 1e-99
0.046795 1e-99
0.046827 1e-99
0.04686 1e-99
0.046892 1e-99
0.046925 1e-99
0.046957 1e-99
0.046989 1e-99
0.047022 1e-99
0.047054 1e-99
0.047087 1e-99
0.047119 1e-99
0.047152 1e-99
0.047185 1e-99
0.047217 1e-99
0.04725 1e-99
0.047282 1e-99
0.047315 1e-99
0.047348 1e-99
0.047381 1e-99
0.047413 1e-99
0.047446 1e-99
0.047479 1e-99
0.047512 1e-99
0.047544 1e-99
0.047577 1e-99
0.04761 1e-99
0.047643 1e-99
0.047676 1e-99
0.047709 1e-99
0.047742 1e-99
0.047775 1e-99
0.047808 1e-99
0.047841 1e-99
0.047874 1e-99
0.047907 1e-99
0.04794 1e-99
0.047973 1e-99
0.048006 1e-99
0.04804 1e-99
0.048073 1e-99
0.048106 1e-99
0.048139 1e-99
0.048173 1e-99
0.048206 1e-99
0.048239 1e-99
0.048273 1e-99
0.048306 1e-99
0.048339 1e-99
0.048373 1e-99
0.048406 1e-99
0.04844 1e-99
0.048473 1e-99
0.048507 1e-99
0.04854 1e-99
0.048574 1e-99
0.048607 1e-99
0.048641 1e-99
0.048674 1e-99
0.048708 1e-99
0.048742 1e-99
0.048775 1e-99
0.048809 1e-99
0.048843 1e-99
0.048876 1e-99
0.04891 1e-99
0.048944 1e-99
0.048978 1e-99
0.049012 1e-99
0.049046 1e-99
0.049079 1e-99
0.049113 1e-99
0.049147 1e-99
0.049181 1e-99
0.049215 1e-99
0.049249 1e-99
0.049283 1e-99
0.049317 1e-99
0.049351 1e-99
0.049386 1e-99
0.04942 1e-99
0.049454 1e-99
0.049488 1e-99
0.049522 1e-99
0.049556 1e-99
0.049591 1e-99
0.049625 1e-99
0.049659 1e-99
0.049694 1e-99
0.049728 1e-99
0.049762 1e-99
0.049797 1e-99
0.049831 1e-99
0.049865 1e-99
0.0499 1e-99
0.049934 1e-99
0.049969 1e-99
0.050003 1e-99
0.050038 1e-99
0.050073 1e-99
0.050107 1e-99
0.050142 1e-99
0.050176 1e-99
0.050211 1e-99
0.050246 1e-99
0.050281 1e-99
0.050315 1e-99
0.05035 1e-99
0.050385 1e-99
0.05042 1e-99
0.050455 1e-99
0.050489 1e-99
0.050524 1e-99
0.050559 1e-99
0.050594 1e-99
0.050629 1e-99
0.050664 1e-99
0.050699 1e-99
0.050734 1e-99
0.050769 1e-99
0.050804 1e-99
0.050839 1e-99
0.050874 1e-99
0.05091 1e-99
0.050945 1e-99
0.05098 1e-99
0.051015 1e-99
0.05105 1e-99
0.051086 1e-99
0.051121 1e-99
0.051156 1e-99
0.051192 1e-99
0.051227 1e-99
0.051263 1e-99
0.051298 1e-99
0.051333 1e-99
0.051369 1e-99
0.051404 1e-99
0.05144 1e-99
0.051475 1e-99
0.051511 1e-99
0.051547 1e-99
0.051582 1e-99
0.051618 1e-99
0.051654 1e-99
0.051689 1e-99
0.051725 1e-99
0.051761 1e-99
0.051796 1e-99
0.051832 1e-99
0.051868 1e-99
0.051904 1e-99
0.05194 1e-99
0.051976 1e-99
0.052012 1e-99
0.052048 1e-99
0.052083 1e-99
0.052119 1e-99
0.052155 1e-99
0.052192 1e-99
0.052228 1e-99
0.052264 1e-99
0.0523 1e-99
0.052336 1e-99
0.052372 1e-99
0.052408 1e-99
0.052445 1e-99
0.052481 1e-99
0.052517 1e-99
0.052553 1e-99
0.05259 1e-99
0.052626 1e-99
0.052662 1e-99
0.052699 1e-99
0.052735 1e-99
0.052772 1e-99
0.052808 1e-99
0.052845 1e-99
0.052881 1e-99
0.052918 1e-99
0.052954 1e-99
0.052991 1e-99
0.053027 1e-99
0.053064 1e-99
0.053101 1e-99
0.053137 1e-99
0.053174 1e-99
0.053211 1e-99
0.053248 1e-99
0.053284 1e-99
0.053321 1e-99
0.053358 1e-99
0.053395 1e-99
0.053432 1e-99
0.053469 1e-99
0.053506 1e-99
0.053543 1e-99
0.05358 1e-99
0.053617 1e-99
0.053654 1e-99
0.053691 1e-99
0.053728 1e-99
0.053765 1e-99
0.053802 1e-99
0.053839 1e-99
0.053877 1e-99
0.053914 1e-99
0.053951 1e-99
0.053988 1e-99
0.054026 1e-99
0.054063 1e-99
0.0541 1e-99
0.054138 1e-99
0.054175 1e-99
0.054213 1e-99
0.05425 1e-99
0.054288 1e-99
0.054325 1e-99
0.054363 1e-99
0.0544 1e-99
0.054438 1e-99
0.054475 1e-99
0.054513 1e-99
0.054551 1e-99
0.054588 1e-99
0.054626 1e-99
0.054664 1e-99
0.054702 1e-99
0.054739 1e-99
0.054777 1e-99
0.054815 1e-99
0.054853 1e-99
0.054891 1e-99
0.054929 1e-99
0.054967 1e-99
0.055005 1e-99
0.055043 1e-99
0.055081 1e-99
0.055119 1e-99
0.055157 1e-99
0.055195 1e-99
0.055233 1e-99
0.055271 1e-99
0.05531 1e-99
0.055348 1e-99
0.055386 1e-99
0.055424 1e-99
0.055463 1e-99
0.055501 1e-99
0.055539 1e-99
0.055578 1e-99
0.055616 1e-99
0.055654 1e-99
0.055693 1e-99
0.055731 1e-99
0.05577 1e-99
0.055808 1e-99
0.055847 1e-99
0.055886 1e-99
0.055924 1e-99
0.055963 1e-99
0.056002 1e-99
0.05604 1e-99
0.056079 1e-99
0.056118 1e-99
0.056156 1e-99
0.056195 1e-99
0.056234 1e-99
0.056273 1e-99
0.056312 1e-99
0.056351 1e-99
0.05639 1e-99
0.056429 1e-99
0.056468 1e-99
0.056507 1e-99
0.056546 1e-99
0.056585 1e-99
0.056624 1e-99
0.056663 1e-99
0.056702 1e-99
0.056741 1e-99
0.056781 1e-99
0.05682 1e-99
0.056859 1e-99
0.056898 1e-99
0.056938 1e-99
0.056977 1e-99
0.057016 1e-99
0.057056 1e-99
0.057095 1e-99
0.057135 1e-99
0.057174 1e-99
0.057214 1e-99
0.057253 1e-99
0.057293 1e-99
0.057332 1e-99
0.057372 1e-99
0.057412 1e-99
0.057451 1e-99
0.057491 1e-99
0.057531 1e-99
0.05757 1e-99
0.05761 1e-99
0.05765 1e-99
0.05769 1e-99
0.05773 1e-99
0.05777 1e-99
0.05781 1e-99
0.05785 1e-99
0.05789 1e-99
0.05793 1e-99
0.05797 1e-99
0.05801 1e-99
0.05805 1e-99
0.05809 1e-99
0.05813 1e-99
0.05817 1e-99
0.05821 1e-99
0.058251 1e-99
0.058291 1e-99
0.058331 1e-99
0.058371 1e-99
0.058412 1e-99
0.058452 1e-99
0.058492 1e-99
0.058533 1e-99
0.058573 1e-99
0.058614 1e-99
0.058654 1e-99
0.058695 1e-99
0.058735 1e-99
0.058776 1e-99
0.058817 1e-99
0.058857 1e-99
0.058898 1e-99
0.058939 1e-99
0.058979 1e-99
0.05902 1e-99
0.059061 1e-99
0.059102 1e-99
0.059143 1e-99
0.059183 1e-99
0.059224 1e-99
0.059265 1e-99
0.059306 1e-99
0.059347 1e-99
0.059388 1e-99
0.059429 1e-99
0.05947 1e-99
0.059511 1e-99
0.059553 1e-99
0.059594 1e-99
0.059635 1e-99
0.059676 1e-99
0.059717 1e-99
0.059759 1e-99
0.0598 1e-99
0.059841 1e-99
0.059883 1e-99
0.059924 1e-99
0.059965 1e-99
0.060007 1e-99
0.060048 1e-99
0.06009 1e-99
0.060131 1e-99
0.060173 1e-99
0.060214 1e-99
0.060256 1e-99
0.060298 1e-99
0.060339 1e-99
0.060381 1e-99
0.060423 1e-99
0.060464 1e-99
0.060506 1e-99
0.060548 1e-99
0.06059 1e-99
0.060632 1e-99
0.060674 1e-99
0.060716 1e-99
0.060758 1e-99
0.060799 1e-99
0.060842 1e-99
0.060884 1e-99
0.060926 1e-99
0.060968 1e-99
0.06101 1e-99
0.061052 1e-99
0.061094 1e-99
0.061136 1e-99
0.061179 1e-99
0.061221 1e-99
0.061263 1e-99
0.061306 1e-99
0.061348 1e-99
0.06139 1e-99
0.061433 1e-99
0.061475 1e-99
0.061518 1e-99
0.06156 1e-99
0.061603 1e-99
0.061645 1e-99
0.061688 1e-99
0.061731 1e-99
0.061773 1e-99
0.061816 1e-99
0.061859 1e-99
0.061901 1e-99
0.061944 1e-99
0.061987 1e-99
0.06203 1e-99
0.062073 1e-99
0.062116 1e-99
0.062158 1e-99
0.062201 1e-99
0.062244 1e-99
0.062287 1e-99
0.06233 1e-99
0.062373 1e-99
0.062417 1e-99
0.06246 1e-99
0.062503 1e-99
0.062546 1e-99
0.062589 1e-99
0.062633 1e-99
0.062676 1e-99
0.062719 1e-99
0.062762 1e-99
0.062806 1e-99
0.062849 1e-99
0.062893 1e-99
0.062936 1e-99
0.06298 1e-99
0.063023 1e-99
0.063067 1e-99
0.06311 1e-99
0.063154 1e-99
0.063198 1e-99
0.063241 1e-99
0.063285 1e-99
0.063329 1e-99
0.063372 1e-99
0.063416 1e-99
0.06346 1e-99
0.063504 1e-99
0.063548 1e-99
0.063592 1e-99
0.063636 1e-99
0.06368 1e-99
0.063724 1e-99
0.063768 1e-99
0.063812 1e-99
0.063856 1e-99
0.0639 1e-99
0.063944 1e-99
0.063988 1e-99
0.064032 1e-99
0.064077 1e-99
0.064121 1e-99
0.064165 1e-99
0.06421 1e-99
0.064254 1e-99
0.064298 1e-99
0.064343 1e-99
0.064387 1e-99
0.064432 1e-99
0.064476 1e-99
0.064521 1e-99
0.064565 1e-99
0.06461 1e-99
0.064655 1e-99
0.064699 1e-99
0.064744 1e-99
0.064789 1e-99
0.064834 1e-99
0.064878 1e-99
0.064923 1e-99
0.064968 1e-99
0.065013 1e-99
0.065058 1e-99
0.065103 1e-99
0.065148 1e-99
0.065193 1e-99
0.065238 1e-99
0.065283 1e-99
0.065328 1e-99
0.065373 1e-99
0.065418 1e-99
0.065464 1e-99
0.065509 1e-99
0.065554 1e-99
0.065599 1e-99
0.065645 1e-99
0.06569 1e-99
0.065736 1e-99
0.065781 1e-99
0.065826 1e-99
0.065872 1e-99
0.065917 1e-99
0.065963 1e-99
0.066009 1e-99
0.066054 1e-99
0.0661 1e-99
0.066145 1e-99
0.066191 1e-99
0.066237 1e-99
0.066283 1e-99
0.066328 1e-99
0.066374 1e-99
0.06642 1e-99
0.066466 1e-99
0.066512 1e-99
0.066558 1e-99
0.066604 1e-99
0.06665 1e-99
0.066696 1e-99
0.066742 1e-99
0.066788 1e-99
0.066834 1e-99
0.066881 1e-99
0.066927 1e-99
0.066973 1e-99
0.067019 1e-99
0.067066 1e-99
0.067112 1e-99
0.067158 1e-99
0.067205 1e-99
0.067251 1e-99
0.067298 1e-99
0.067344 1e-99
0.067391 1e-99
0.067437 1e-99
0.067484 1e-99
0.067531 1e-99
0.067577 1e-99
0.067624 1e-99
0.067671 1e-99
0.067717 1e-99
0.067764 1e-99
0.067811 1e-99
0.067858 1e-99
0.067905 1e-99
0.067952 1e-99
0.067999 1e-99
0.068046 1e-99
0.068093 1e-99
0.06814 1e-99
0.068187 1e-99
0.068234 1e-99
0.068281 1e-99
0.068328 1e-99
0.068375 1e-99
0.068423 1e-99
0.06847 1e-99
0.068517 1e-99
0.068565 1e-99
0.068612 1e-99
0.068659 1e-99
0.068707 1e-99
0.068754 1e-99
0.068802 1e-99
0.068849 1e-99
0.068897 1e-99
0.068945 1e-99
0.068992 1e-99
0.06904 1e-99
0.069088 1e-99
0.069135 1e-99
0.069183 1e-99
0.069231 1e-99
0.069279 1e-99
0.069327 1e-99
0.069375 1e-99
0.069422 1e-99
0.06947 1e-99
0.069518 1e-99
0.069566 1e-99
0.069615 1e-99
0.069663 1e-99
0.069711 1e-99
0.069759 1e-99
0.069807 1e-99
0.069855 1e-99
0.069904 1e-99
0.069952 1e-99
0.07 1e-99
0.070049 1e-99
0.070097 1e-99
0.070146 1e-99
0.070194 1e-99
0.070243 1e-99
0.070291 1e-99
0.07034 1e-99
0.070388 1e-99
0.070437 1e-99
0.070486 1e-99
0.070534 1e-99
0.070583 1e-99
0.070632 1e-99
0.070681 1e-99
0.070729 1e-99
0.070778 1e-99
0.070827 1e-99
0.070876 1e-99
0.070925 1e-99
0.070974 1e-99
0.071023 1e-99
0.071072 1e-99
0.071121 1e-99
0.07117 1e-99
0.07122 1e-99
0.071269 1e-99
0.071318 1e-99
0.071367 1e-99
0.071417 1e-99
0.071466 1e-99
0.071515 1e-99
0.071565 1e-99
0.071614 1e-99
0.071664 1e-99
0.071713 1e-99
0.071763 1e-99
0.071812 1e-99
0.071862 1e-99
0.071912 1e-99
0.071961 1e-99
0.072011 1e-99
0.072061 1e-99
0.072111 1e-99
0.072161 1e-99
0.07221 1e-99
0.07226 1e-99
0.07231 1e-99
0.07236 1e-99
0.07241 1e-99
0.07246 1e-99
0.07251 1e-99
0.07256 1e-99
0.072611 1e-99
0.072661 1e-99
0.072711 1e-99
0.072761 1e-99
0.072812 1e-99
0.072862 1e-99
0.072912 1e-99
0.072963 1e-99
0.073013 1e-99
0.073063 1e-99
0.073114 1e-99
0.073164 1e-99
0.073215 1e-99
0.073266 1e-99
0.073316 1e-99
0.073367 1e-99
0.073418 1e-99
0.073468 1e-99
0.073519 1e-99
0.07357 1e-99
0.073621 1e-99
0.073672 1e-99
0.073722 1e-99
0.073773 1e-99
0.073824 1e-99
0.073875 1e-99
0.073926 1e-99
0.073978 1e-99
0.074029 1e-99
0.07408 1e-99
0.074131 1e-99
0.074182 1e-99
0.074234 1e-99
0.074285 1e-99
0.074336 1e-99
0.074388 1e-99
0.074439 1e-99
0.07449 1e-99
0.074542 1e-99
0.074593 1e-99
0.074645 1e-99
0.074696 1e-99
0.074748 1e-99
0.0748 1e-99
0.074851 1e-99
0.074903 1e-99
0.074955 1e-99
0.075007 1e-99
0.075059 1e-99
0.07511 1e-99
0.075162 1e-99
0.075214 1e-99
0.075266 1e-99
0.075318 1e-99
0.07537 1e-99
0.075422 1e-99
0.075474 1e-99
0.075527 1e-99
0.075579 1e-99
0.075631 1e-99
0.075683 1e-99
0.075736 1e-99
0.075788 1e-99
0.07584 1e-99
0.075893 1e-99
0.075945 1e-99
0.075998 1e-99
0.07605 1e-99
0.076103 1e-99
0.076155 1e-99
0.076208 1e-99
0.076261 1e-99
0.076313 1e-99
0.076366 1e-99
0.076419 1e-99
0.076472 1e-99
0.076524 1e-99
0.076577 1e-99
0.07663 1e-99
0.076683 1e-99
0.076736 1e-99
0.076789 1e-99
0.076842 1e-99
0.076895 1e-99
0.076948 1e-99
0.077002 1e-99
0.077055 1e-99
0.077108 1e-99
0.077161 1e-99
0.077215 1e-99
0.077268 1e-99
0.077321 1e-99
0.077375 1e-99
0.077428 1e-99
0.077482 1e-99
0.077535 1e-99
0.077589 1e-99
0.077643 1e-99
0.077696 1e-99
0.07775 1e-99
0.077804 1e-99
0.077857 1e-99
0.077911 1e-99
0.077965 1e-99
0.078019 1e-99
0.078073 1e-99
0.078127 1e-99
0.078181 1e-99
0.078235 1e-99
0.078289 1e-99
0.078343 1e-99
0.078397 1e-99
0.078451 1e-99
0.078505 1e-99
0.07856 1e-99
0.078614 1e-99
0.078668 1e-99
0.078723 1e-99
0.078777 1e-99
0.078832 1e-99
0.078886 1e-99
0.078941 1e-99
0.078995 1e-99
0.07905 1e-99
0.079104 1e-99
0.079159 1e-99
0.079214 1e-99
0.079268 1e-99
0.079323 1e-99
0.079378 1e-99
0.079433 1e-99
0.079488 1e-99
0.079543 1e-99
0.079598 1e-99
0.079653 1e-99
0.079708 1e-99
0.079763 1e-99
0.079818 1e-99
0.079873 1e-99
0.079928 1e-99
0.079983 1e-99
0.080039 1e-99
0.080094 1e-99
0.080149 1e-99
0.080205 1e-99
0.08026 1e-99
0.080316 1e-99
0.080371 1e-99
0.080427 1e-99
0.080482 1e-99
0.080538 1e-99
0.080593 1e-99
0.080649 1e-99
0.080705 1e-99
0.080761 1e-99
0.080816 1e-99
0.080872 1e-99
0.080928 1e-99
0.080984 1e-99
0.08104 1e-99
0.081096 1e-99
0.081152 1e-99
0.081208 1e-99
0.081264 1e-99
0.08132 1e-99
0.081377 1e-99
0.081433 1e-99
0.081489 1e-99
0.081546 1e-99
0.081602 1e-99
0.081658 1e-99
0.081715 1e-99
0.081771 1e-99
0.081828 1e-99
0.081884 1e-99
0.081941 1e-99
0.081997 1e-99
0.082054 1e-99
0.082111 1e-99
0.082167 1e-99
0.082224 1e-99
0.082281 1e-99
0.082338 1e-99
0.082395 1e-99
0.082452 1e-99
0.082509 1e-99
0.082566 1e-99
0.082623 1e-99
0.08268 1e-99
0.082737 1e-99
0.082794 1e-99
0.082851 1e-99
0.082909 1e-99
0.082966 1e-99
0.083023 1e-99
0.083081 1e-99
0.083138 1e-99
0.083196 1e-99
0.083253 1e-99
0.083311 1e-99
0.083368 1e-99
0.083426 1e-99
0.083483 1e-99
0.083541 1e-99
0.083599 1e-99
0.083657 1e-99
0.083714 1e-99
0.083772 1e-99
0.08383 1e-99
0.083888 1e-99
0.083946 1e-99
0.084004 1e-99
0.084062 1e-99
0.08412 1e-99
0.084178 1e-99
0.084236 1e-99
0.084295 1e-99
0.084353 1e-99
0.084411 1e-99
0.08447 1e-99
0.084528 1e-99
0.084586 1e-99
0.084645 1e-99
0.084703 1e-99
0.084762 1e-99
0.08482 1e-99
0.084879 1e-99
0.084938 1e-99
0.084996 1e-99
0.085055 1e-99
0.085114 1e-99
0.085173 1e-99
0.085231 1e-99
0.08529 1e-99
0.085349 1e-99
0.085408 1e-99
0.085467 1e-99
0.085526 1e-99
0.085585 1e-99
0.085645 1e-99
0.085704 1e-99
0.085763 1e-99
0.085822 1e-99
0.085882 1e-99
0.085941 1e-99
0.086 1e-99
0.08606 1e-99
0.086119 1e-99
0.086179 1e-99
0.086238 1e-99
0.086298 1e-99
0.086357 1e-99
0.086417 1e-99
0.086477 1e-99
0.086537 1e-99
0.086596 1e-99
0.086656 1e-99
0.086716 1e-99
0.086776 1e-99
0.086836 1e-99
0.086896 1e-99
0.086956 1e-99
0.087016 1e-99
0.087076 1e-99
0.087136 1e-99
0.087197 1e-99
0.087257 1e-99
0.087317 1e-99
0.087378 1e-99
0.087438 1e-99
0.087498 1e-99
0.087559 1e-99
0.087619 1e-99
0.08768 1e-99
0.08774 1e-99
0.087801 1e-99
0.087862 1e-99
0.087922 1e-99
0.087983 1e-99
0.088044 1e-99
0.088105 1e-99
0.088166 1e-99
0.088227 1e-99
0.088288 1e-99
0.088349 1e-99
0.08841 1e-99
0.088471 1e-99
0.088532 1e-99
0.088593 1e-99
0.088654 1e-99
0.088716 1e-99
0.088777 1e-99
0.088838 1e-99
0.0889 1e-99
0.088961 1e-99
0.089023 1e-99
0.089084 1e-99
0.089146 1e-99
0.089207 1e-99
0.089269 1e-99
0.089331 1e-99
0.089392 1e-99
0.089454 1e-99
0.089516 1e-99
0.089578 1e-99
0.08964 1e-99
0.089702 1e-99
0.089764 1e-99
0.089826 1e-99
0.089888 1e-99
0.08995 1e-99
0.090012 1e-99
0.090074 1e-99
0.090136 1e-99
0.090199 1e-99
0.090261 1e-99
0.090323 1e-99
0.090386 1e-99
0.090448 1e-99
0.090511 1e-99
0.090573 1e-99
0.090636 1e-99
0.090698 1e-99
0.090761 1e-99
0.090824 1e-99
0.090887 1e-99
0.090949 1e-99
0.091012 1e-99
0.091075 1e-99
0.091138 1e-99
0.091201 1e-99
0.091264 1e-99
0.091327 1e-99
0.09139 1e-99
0.091453 1e-99
0.091517 1e-99
0.09158 1e-99
0.091643 1e-99
0.091706 1e-99
0.09177 1e-99
0.091833 1e-99
0.091897 1e-99
0.09196 1e-99
0.092024 1e-99
0.092087 1e-99
0.092151 1e-99
0.092215 1e-99
0.092278 1e-99
0.092342 1e-99
0.092406 1e-99
0.09247 1e-99
0.092534 1e-99
0.092598 1e-99
0.092662 1e-99
0.092726 1e-99
0.09279 1e-99
0.092854 1e-99
0.092918 1e-99
0.092982 1e-99
0.093046 1e-99
0.093111 1e-99
0.093175 1e-99
0.09324 1e-99
0.093304 1e-99
0.093368 1e-99
0.093433 1e-99
0.093498 1e-99
0.093562 1e-99
0.093627 1e-99
0.093691 1e-99
0.093756 1e-99
0.093821 1e-99
0.093886 1e-99
0.093951 1e-99
0.094016 1e-99
0.094081 1e-99
0.094146 1e-99
0.094211 1e-99
0.094276 1e-99
0.094341 1e-99
0.094406 1e-99
0.094471 1e-99
0.094537 1e-99
0.094602 1e-99
0.094667 1e-99
0.094733 1.1364e-99
0.094798 1.3186e-99
0.094864 1.5298e-99
0.094929 1.7747e-99
0.094995 2.0586e-99
0.09506 2.3876e-99
0.095126 2.769e-99
0.095192 3.2109e-99
0.095258 3.723e-99
0.095324 4.3163e-99
0.095389 5.0036e-99
0.095455 5.7997e-99
0.095521 6.7219e-99
0.095587 7.7899e-99
0.095653 9.0267e-99
0.095719 1.0459e-98
0.095786 1.2117e-98
0.095852 1.4036e-98
0.095918 1.6258e-98
0.095984 1.8829e-98
0.096051 2.1805e-98
0.096117 2.5249e-98
0.096183 2.9234e-98
0.09625 3.3844e-98
0.096316 3.9177e-98
0.096383 4.5346e-98
0.09645 5.2481e-98
0.096516 6.0733e-98
0.096583 7.0275e-98
0.09665 8.1308e-98
0.096716 9.4063e-98
0.096783 1.0881e-97
0.09685 1.2585e-97
0.096917 1.4555e-97
0.096984 1.6832e-97
0.097051 1.9462e-97
0.097118 2.2502e-97
0.097185 2.6013e-97
0.097252 3.007e-97
0.09732 3.4755e-97
0.097387 4.0167e-97
0.097454 4.6417e-97
0.097521 5.3633e-97
0.097589 6.1966e-97
0.097656 7.1585e-97
0.097724 8.269e-97
0.097791 9.5508e-97
0.097859 1.103e-96
0.097926 1.2737e-96
0.097994 1.4707e-96
0.098062 1.698e-96
0.09813 1.9603e-96
0.098197 2.2628e-96
0.098265 2.6117e-96
0.098333 3.0141e-96
0.098401 3.4782e-96
0.098469 4.0134e-96
0.098537 4.6304e-96
0.098605 5.3418e-96
0.098673 6.1618e-96
0.098742 7.107e-96
0.09881 8.1964e-96
0.098878 9.4519e-96
0.098946 1.0899e-95
0.099015 1.2565e-95
0.099083 1.4486e-95
0.099152 1.6698e-95
0.09922 1.9246e-95
0.099289 2.2181e-95
0.099357 2.556e-95
0.099426 2.9452e-95
0.099495 3.3933e-95
0.099563 3.9092e-95
0.099632 4.5031e-95
0.099701 5.1867e-95
0.09977 5.9734e-95
0.099839 6.8789e-95
0.099908 2.7556e-54
0.099977 2.7556e-54
0.10005 2.9159e-54
0.10012 2.9159e-54
0.10018 3.0855e-54
0.10025 3.2649e-54
0.10032 3.2649e-54
0.10039 3.4546e-54
0.10046 3.4546e-54
0.10053 3.6553e-54
0.1006 3.8676e-54
0.10067 3.8676e-54
0.10074 4.0921e-54
0.10081 4.0921e-54
0.10088 4.3295e-54
0.10095 4.5806e-54
0.10102 4.5806e-54
0.10109 4.8462e-54
0.10116 4.8462e-54
0.10123 5.1271e-54
0.1013 5.4241e-54
0.10137 5.4241e-54
0.10144 5.7382e-54
0.10151 5.7382e-54
0.10158 6.0704e-54
0.10165 6.4216e-54
0.10172 6.4216e-54
0.10179 6.7931e-54
0.10186 6.7931e-54
0.10193 7.1859e-54
0.102 7.6012e-54
0.10207 7.6012e-54
0.10214 8.0403e-54
0.10221 8.0403e-54
0.10228 8.5047e-54
0.10235 8.9957e-54
0.10242 8.9957e-54
0.10249 9.5148e-54
0.10257 9.5148e-54
0.10264 1.0064e-53
0.10271 1.0644e-53
0.10278 1.0644e-53
0.10285 1.1257e-53
0.10292 1.1257e-53
0.10299 1.1906e-53
0.10306 1.2592e-53
0.10313 1.2592e-53
0.1032 1.3317e-53
0.10328 1.3317e-53
0.10335 1.4083e-53
0.10342 1.4893e-53
0.10349 1.4893e-53
0.10356 1.575e-53
0.10363 1.575e-53
0.10371 1.6655e-53
0.10378 1.7612e-53
0.10385 1.7612e-53
0.10392 1.8624e-53
0.10399 1.8624e-53
0.10406 1.9693e-53
0.10414 2.0823e-53
0.10421 2.0823e-53
0.10428 2.2018e-53
0.10435 2.2018e-53
0.10442 2.3281e-53
0.1045 2.4615e-53
0.10457 2.4615e-53
0.10464 2.6026e-53
0.10471 2.6026e-53
0.10479 2.7516e-53
0.10486 2.9092e-53
0.10493 2.9092e-53
0.105 3.0757e-53
0.10508 3.0757e-53
0.10515 3.2517e-53
0.10522 3.4377e-53
0.10529 3.4377e-53
0.10537 3.6342e-53
0.10544 3.6342e-53
0.10551 3.8419e-53
0.10558 4.0613e-53
0.10566 4.0613e-53
0.10573 4.2932e-53
0.1058 4.2932e-53
0.10588 4.5383e-53
0.10595 4.7973e-53
0.10602 4.7973e-53
0.1061 5.0709e-53
0.10617 5.0709e-53
0.10624 5.36e-53
0.10632 5.6655e-53
0.10639 5.6655e-53
0.10646 5.9882e-53
0.10654 5.9882e-53
0.10661 6.3292e-53
0.10668 6.6895e-53
0.10676 6.6895e-53
0.10683 7.0702e-53
0.10691 7.0702e-53
0.10698 7.4723e-53
0.10705 7.8972e-53
0.10713 7.8972e-53
0.1072 8.346e-53
0.10728 8.346e-53
0.10735 8.8202e-53
0.10742 9.3211e-53
0.1075 9.3211e-53
0.10757 9.8503e-53
0.10765 9.8503e-53
0.10772 1.0409e-52
0.1078 1.1e-52
0.10787 1.1e-52
0.10794 1.1623e-52
0.10802 1.1623e-52
0.10809 1.2282e-52
0.10817 1.2978e-52
0.10824 1.2978e-52
0.10832 1.3713e-52
0.10839 1.3713e-52
0.10847 1.449e-52
0.10854 1.531e-52
0.10862 1.531e-52
0.10869 1.6176e-52
0.10877 1.6176e-52
0.10884 1.7091e-52
0.10892 1.8057e-52
0.10899 1.8057e-52
0.10907 1.9077e-52
0.10914 1.9077e-52
0.10922 2.0154e-52
0.10929 2.1292e-52
0.10937 2.1292e-52
0.10945 2.2494e-52
0.10952 2.2494e-52
0.1096 2.3763e-52
0.10967 2.5103e-52
0.10975 2.5103e-52
0.10982 2.6518e-52
0.1099 2.6518e-52
0.10998 2.8013e-52
0.11005 2.9591e-52
0.11013 2.9591e-52
0.1102 3.1257e-52
0.11028 3.1257e-52
0.11036 3.3016e-52
0.11043 3.4874e-52
0.11051 3.4874e-52
0.11059 3.6835e-52
0.11066 3.6835e-52
0.11074 3.8906e-52
0.11082 4.1092e-52
0.11089 4.1092e-52
0.11097 4.3401e-52
0.11105 4.3401e-52
0.11112 4.5838e-52
0.1112 4.8411e-52
0.11128 4.8411e-52
0.11135 5.1127e-52
0.11143 5.1127e-52
0.11151 5.3995e-52
0.11158 5.7022e-52
0.11166 5.7022e-52
0.11174 6.0218e-52
0.11181 6.0218e-52
0.11189 6.3592e-52
0.11197 6.7153e-52
0.11205 6.7153e-52
0.11212 7.0912e-52
0.1122 7.0912e-52
0.11228 7.488e-52
0.11236 7.9068e-52
0.11243 7.9068e-52
0.11251 8.3489e-52
0.11259 8.3489e-52
0.11267 8.8156e-52
0.11275 9.3081e-52
0.11282 9.3081e-52
0.1129 9.828e-52
0.11298 9.828e-52
0.11306 1.0377e-51
0.11314 1.0956e-51
0.11321 1.0956e-51
0.11329 1.1567e-51
0.11337 1.1567e-51
0.11345 1.2212e-51
0.11353 1.2893e-51
0.11361 1.2893e-51
0.11368 1.3611e-51
0.11376 1.3611e-51
0.11384 1.4369e-51
0.11392 1.5169e-51
0.114 1.5169e-51
0.11408 1.6013e-51
0.11416 1.6013e-51
0.11424 1.6904e-51
0.11431 1.7844e-51
0.11439 1.7844e-51
0.11447 1.8836e-51
0.11455 1.8836e-51
0.11463 1.9883e-51
0.11471 2.0987e-51
0.11479 2.0987e-51
0.11487 2.2152e-51
0.11495 2.2152e-51
0.11503 2.3382e-51
0.11511 2.4679e-51
0.11519 2.4679e-51
0.11527 2.6048e-51
0.11535 2.6048e-51
0.11543 2.7492e-51
0.1155 2.9015e-51
0.11558 2.9015e-51
0.11566 3.0622e-51
0.11574 3.0622e-51
0.11582 3.2318e-51
0.1159 3.4107e-51
0.11598 3.4107e-51
0.11606 3.5994e-51
0.11614 3.5994e-51
0.11623 3.7984e-51
0.11631 4.0084e-51
0.11639 4.0084e-51
0.11647 4.23e-51
0.11655 4.23e-51
0.11663 4.4637e-51
0.11671 4.7101e-51
0.11679 4.7101e-51
0.11687 4.9701e-51
0.11695 4.9701e-51
0.11703 5.2444e-51
0.11711 5.5337e-51
0.11719 5.5337e-51
0.11727 5.8388e-51
0.11735 5.8388e-51
0.11744 6.1606e-51
0.11752 6.5e-51
0.1176 6.5e-51
0.11768 6.8579e-51
0.11776 6.8579e-51
0.11784 7.2354e-51
0.11792 7.6336e-51
0.118 7.6336e-51
0.11809 8.0535e-51
0.11817 8.0535e-51
0.11825 8.4963e-51
0.11833 8.9633e-51
0.11841 8.9633e-51
0.11849 9.4558e-51
0.11858 9.4558e-51
0.11866 9.9751e-51
0.11874 1.0523e-50
0.11882 1.0523e-50
0.1189 1.11e-50
0.11899 1.11e-50
0.11907 1.1709e-50
0.11915 1.2351e-50
0.11923 1.2351e-50
0.11932 1.3028e-50
0.1194 1.3028e-50
0.11948 1.3742e-50
0.11956 1.4495e-50
0.11965 1.4495e-50
0.11973 1.5288e-50
0.11981 1.5288e-50
0.11989 1.6125e-50
0.11998 1.7007e-50
0.12006 1.7007e-50
0.12014 1.7937e-50
0.12023 1.7937e-50
0.12031 1.8918e-50
0.12039 1.9952e-50
0.12048 1.9952e-50
0.12056 2.1042e-50
0.12064 2.1042e-50
0.12073 2.219e-50
0.12081 2.3402e-50
0.12089 2.3402e-50
0.12098 2.4678e-50
0.12106 2.4678e-50
0.12114 2.6024e-50
0.12123 2.7443e-50
0.12131 2.7443e-50
0.12139 2.8939e-50
0.12148 2.8939e-50
0.12156 3.0515e-50
0.12165 3.2177e-50
0.12173 3.2177e-50
0.12181 3.3928e-50
0.1219 3.3928e-50
0.12198 3.5774e-50
0.12207 3.772e-50
0.12215 3.772e-50
0.12224 3.9771e-50
0.12232 3.9771e-50
0.12241 4.1932e-50
0.12249 4.421e-50
0.12257 4.421e-50
0.12266 4.6611e-50
0.12274 4.6611e-50
0.12283 4.9141e-50
0.12291 5.1808e-50
0.123 5.1808e-50
0.12308 5.4618e-50
0.12317 5.4618e-50
0.12325 5.7579e-50
0.12334 6.07e-50
0.12342 6.07e-50
0.12351 6.3989e-50
0.12359 6.3989e-50
0.12368 6.7454e-50
0.12377 7.1106e-50
0.12385 7.1106e-50
0.12394 7.4954e-50
0.12402 7.4954e-50
0.12411 7.9008e-50
0.12419 8.3281e-50
0.12428 8.3281e-50
0.12437 8.7782e-50
0.12445 8.7782e-50
0.12454 9.2525e-50
0.12462 9.7523e-50
0.12471 9.7523e-50
0.1248 1.0279e-49
0.12488 1.0279e-49
0.12497 1.0834e-49
0.12505 1.1418e-49
0.12514 1.1418e-49
0.12523 1.2034e-49
0.12531 1.2034e-49
0.1254 1.2682e-49
0.12549 1.3366e-49
0.12557 1.3366e-49
0.12566 1.4086e-49
0.12575 1.4086e-49
0.12583 1.4844e-49
0.12592 1.5643e-49
0.12601 1.5643e-49
0.1261 1.6485e-49
0.12618 1.6485e-49
0.12627 1.7371e-49
0.12636 1.8305e-49
0.12644 1.8305e-49
0.12653 1.9289e-49
0.12662 1.9289e-49
0.12671 2.0325e-49
0.12679 2.1416e-49
0.12688 2.1416e-49
0.12697 2.2566e-49
0.12706 2.2566e-49
0.12715 2.3776e-49
0.12723 2.5052e-49
0.12732 2.5052e-49
0.12741 2.6395e-49
0.1275 2.6395e-49
0.12759 2.7809e-49
0.12767 2.9299e-49
0.12776 2.9299e-49
0.12785 3.0868e-49
0.12794 3.0868e-49
0.12803 3.252e-49
0.12812 3.426e-49
0.1282 3.426e-49
0.12829 3.6093e-49
0.12838 3.6093e-49
0.12847 3.8023e-49
0.12856 4.0055e-49
0.12865 4.0055e-49
0.12874 4.2195e-49
0.12882 4.2195e-49
0.12891 4.4448e-49
0.129 4.6821e-49
0.12909 4.6821e-49
0.12918 4.932e-49
0.12927 4.932e-49
0.12936 5.1951e-49
0.12945 5.4721e-49
0.12954 5.4721e-49
0.12963 5.7637e-49
0.12972 5.7637e-49
0.12981 6.0708e-49
0.1299 6.3942e-49
0.12999 6.3942e-49
0.13008 6.7346e-49
0.13017 6.7346e-49
0.13026 7.093e-49
0.13035 7.4703e-49
0.13044 7.4703e-49
0.13053 7.8676e-49
0.13062 7.8676e-49
0.13071 8.2858e-49
0.1308 8.726e-49
0.13089 8.726e-49
0.13098 9.1895e-49
0.13107 9.1895e-49
0.13116 9.6774e-49
0.13125 1.0191e-48
0.13134 1.0191e-48
0.13143 1.0732e-48
0.13152 1.0732e-48
0.13161 1.1301e-48
0.1317 1.19e-48
0.1318 1.19e-48
0.13189 1.2531e-48
0.13198 1.2531e-48
0.13207 1.3194e-48
0.13216 1.3893e-48
0.13225 1.3893e-48
0.13234 1.4628e-48
0.13243 1.4628e-48
0.13253 1.5402e-48
0.13262 1.6217e-48
0.13271 1.6217e-48
0.1328 1.7074e-48
0.13289 1.7074e-48
0.13298 1.7976e-48
0.13308 1.8926e-48
0.13317 1.8926e-48
0.13326 1.9926e-48
0.13335 1.9926e-48
0.13344 2.0977e-48
0.13354 2.2084e-48
0.13363 2.2084e-48
0.13372 2.3249e-48
0.13381 2.3249e-48
0.13391 2.4475e-48
0.134 2.5765e-48
0.13409 2.5765e-48
0.13418 2.7122e-48
0.13428 2.7122e-48
0.13437 2.855e-48
0.13446 3.0053e-48
0.13456 3.0053e-48
0.13465 3.1635e-48
0.13474 3.1635e-48
0.13483 3.3299e-48
0.13493 3.505e-48
0.13502 3.505e-48
0.13511 3.6892e-48
0.13521 3.6892e-48
0.1353 3.883e-48
0.13539 4.087e-48
0.13549 4.087e-48
0.13558 4.3015e-48
0.13568 4.3015e-48
0.13577 4.5273e-48
0.13586 4.7648e-48
0.13596 4.7648e-48
0.13605 5.0146e-48
0.13614 5.0146e-48
0.13624 5.2775e-48
0.13633 5.554e-48
0.13643 5.554e-48
0.13652 5.8449e-48
0.13662 5.8449e-48
0.13671 6.1509e-48
0.1368 6.4729e-48
0.1369 6.4729e-48
0.13699 6.8115e-48
0.13709 6.8115e-48
0.13718 7.1677e-48
0.13728 7.5424e-48
0.13737 7.5424e-48
0.13747 7.9365e-48
0.13756 7.9365e-48
0.13766 8.3511e-48
0.13775 8.7872e-48
0.13785 8.7872e-48
0.13794 9.2458e-48
0.13804 9.2458e-48
0.13813 9.7282e-48
0.13823 1.0236e-47
0.13832 1.0236e-47
0.13842 1.0769e-47
0.13852 1.0769e-47
0.13861 1.133e-47
0.13871 1.1921e-47
0.1388 1.1921e-47
0.1389 1.2541e-47
0.139 1.2541e-47
0.13909 1.3194e-47
0.13919 1.3881e-47
0.13928 1.3881e-47
0.13938 1.4603e-47
0.13948 1.4603e-47
0.13957 1.5362e-47
0.13967 1.616e-47
0.13977 1.616e-47
0.13986 1.7e-47
0.13996 1.7e-47
0.14006 1.7883e-47
0.14015 1.8811e-47
0.14025 1.8811e-47
0.14035 1.9787e-47
0.14044 1.9787e-47
0.14054 2.0814e-47
0.14064 2.1893e-47
0.14073 2.1893e-47
0.14083 2.3027e-47
0.14093 2.3027e-47
0.14103 2.4221e-47
0.14112 2.5475e-47
0.14122 2.5475e-47
0.14132 2.6794e-47
0.14142 2.6794e-47
0.14151 2.818e-47
0.14161 2.9638e-47
0.14171 2.9638e-47
0.14181 3.1171e-47
0.14191 3.1171e-47
0.142 3.2782e-47
0.1421 3.4476e-47
0.1422 3.4476e-47
0.1423 3.6256e-47
0.1424 3.6256e-47
0.1425 3.8128e-47
0.14259 4.0096e-47
0.14269 4.0096e-47
0.14279 4.2165e-47
0.14289 4.2165e-47
0.14299 4.4339e-47
0.14309 4.6625e-47
0.14319 4.6625e-47
0.14328 4.9028e-47
0.14338 4.9028e-47
0.14348 5.1553e-47
0.14358 5.4207e-47
0.14368 5.4207e-47
0.14378 5.6997e-47
0.14388 5.6997e-47
0.14398 5.993e-47
0.14408 6.3012e-47
0.14418 6.3012e-47
0.14428 6.6252e-47
0.14438 6.6252e-47
0.14448 6.9656e-47
0.14458 7.3235e-47
0.14468 7.3235e-47
0.14478 7.6995e-47
0.14488 7.6995e-47
0.14498 8.0947e-47
0.14508 8.5101e-47
0.14518 8.5101e-47
0.14528 8.9466e-47
0.14538 8.9466e-47
0.14548 9.4053e-47
0.14558 9.8873e-47
0.14568 9.8873e-47
0.14578 1.0394e-46
0.14588 1.0394e-46
0.14598 1.0926e-46
0.14608 1.1485e-46
0.14618 1.1485e-46
0.14629 1.2073e-46
0.14639 1.2073e-46
0.14649 1.2691e-46
0.14659 1.334e-46
0.14669 1.334e-46
0.14679 1.4021e-46
0.14689 1.4021e-46
0.14699 1.4738e-46
0.1471 1.5491e-46
0.1472 1.5491e-46
0.1473 1.6281e-46
0.1474 1.6281e-46
0.1475 1.7112e-46
0.1476 1.7985e-46
0.14771 1.7985e-46
0.14781 1.8902e-46
0.14791 1.8902e-46
0.14801 1.9866e-46
0.14812 2.0878e-46
0.14822 2.0878e-46
0.14832 2.1941e-46
0.14842 2.1941e-46
0.14853 2.3059e-46
0.14863 2.4232e-46
0.14873 2.4232e-46
0.14883 2.5465e-46
0.14894 2.5465e-46
0.14904 2.676e-46
0.14914 2.812e-46
0.14925 2.812e-46
0.14935 2.9549e-46
0.14945 2.9549e-46
0.14955 3.105e-46
0.14966 3.2627e-46
0.14976 3.2627e-46
0.14986 3.4283e-46
0.14997 3.4283e-46
0.15007 3.6022e-46
0.15018 3.7849e-46
0.15028 3.7849e-46
0.15038 3.9768e-46
0.15049 3.9768e-46
0.15059 4.1783e-46
0.1507 4.39e-46
0.1508 4.39e-46
0.1509 4.6123e-46
0.15101 4.6123e-46
0.15111 4.8457e-46
0.15122 5.0909e-46
0.15132 5.0909e-46
0.15143 5.3484e-46
0.15153 5.3484e-46
0.15164 5.6188e-46
0.15174 5.9028e-46
0.15184 5.9028e-46
0.15195 6.201e-46
0.15205 6.201e-46
0.15216 6.5142e-46
0.15226 6.843e-46
0.15237 6.843e-46
0.15248 7.1884e-46
0.15258 7.1884e-46
0.15269 7.5509e-46
0.15279 7.9317e-46
0.1529 7.9317e-46
0.153 8.3315e-46
0.15311 8.3315e-46
0.15321 8.7512e-46
0.15332 9.192e-46
0.15343 9.192e-46
0.15353 9.6547e-46
0.15364 9.6547e-46
0.15374 1.0141e-45
0.15385 1.0651e-45
0.15396 1.0651e-45
0.15406 1.1186e-45
0.15417 1.1186e-45
0.15428 1.1749e-45
0.15438 1.2339e-45
0.15449 1.2339e-45
0.1546 1.2959e-45
0.1547 1.2959e-45
0.15481 1.3609e-45
0.15492 1.4292e-45
0.15502 1.4292e-45
0.15513 1.5009e-45
0.15524 1.5009e-45
0.15535 1.5762e-45
0.15545 1.6552e-45
0.15556 1.6552e-45
0.15567 1.7382e-45
0.15578 1.7382e-45
0.15588 1.8252e-45
0.15599 1.9166e-45
0.1561 1.9166e-45
0.15621 2.0126e-45
0.15631 2.0126e-45
0.15642 2.1133e-45
0.15653 2.219e-45
0.15664 2.219e-45
0.15675 2.3299e-45
0.15686 2.3299e-45
0.15696 2.4463e-45
0.15707 2.5685e-45
0.15718 2.5685e-45
0.15729 2.6968e-45
0.1574 2.6968e-45
0.15751 2.8314e-45
0.15762 2.9727e-45
0.15772 2.9727e-45
0.15783 3.121e-45
0.15794 3.121e-45
0.15805 3.2766e-45
0.15816 3.4399e-45
0.15827 3.4399e-45
0.15838 3.6112e-45
0.15849 3.6112e-45
0.1586 3.7911e-45
0.15871 3.9798e-45
0.15882 3.9798e-45
0.15893 4.1779e-45
0.15904 4.1779e-45
0.15915 4.3857e-45
0.15926 4.6037e-45
0.15937 4.6037e-45
0.15948 4.8326e-45
0.15959 4.8326e-45
0.1597 5.0727e-45
0.15981 5.3246e-45
0.15992 5.3246e-45
0.16003 5.589e-45
0.16014 5.589e-45
0.16025 5.8663e-45
0.16036 6.1573e-45
0.16047 6.1573e-45
0.16058 6.4627e-45
0.16069 6.4627e-45
0.16081 6.783e-45
0.16092 7.1191e-45
0.16103 7.1191e-45
0.16114 7.4718e-45
0.16125 7.4718e-45
0.16136 7.8417e-45
0.16147 8.2298e-45
0.16158 8.2298e-45
0.1617 8.637e-45
0.16181 8.637e-45
0.16192 9.0641e-45
0.16203 9.5122e-45
0.16214 9.5122e-45
0.16226 9.9822e-45
0.16237 9.9822e-45
0.16248 1.0475e-44
0.16259 1.0993e-44
0.1627 1.0993e-44
0.16282 1.1535e-44
0.16293 1.1535e-44
0.16304 1.2104e-44
0.16315 1.2701e-44
0.16327 1.2701e-44
0.16338 1.3328e-44
0.16349 1.3328e-44
0.16361 1.3984e-44
0.16372 1.4673e-44
0.16383 1.4673e-44
0.16395 1.5396e-44
0.16406 1.5396e-44
0.16417 1.6154e-44
0.16429 1.6949e-44
0.1644 1.6949e-44
0.16451 1.7782e-44
0.16463 1.7782e-44
0.16474 1.8656e-44
0.16485 1.9573e-44
0.16497 1.9573e-44
0.16508 2.0535e-44
0.1652 2.0535e-44
0.16531 2.1544e-44
0.16542 2.2601e-44
0.16554 2.2601e-44
0.16565 2.371e-44
0.16577 2.371e-44
0.16588 2.4873e-44
0.166 2.6093e-44
0.16611 2.6093e-44
0.16623 2.7372e-44
0.16634 2.7372e-44
0.16646 2.8713e-44
0.16657 3.0119e-44
0.16669 3.0119e-44
0.1668 3.1594e-44
0.16692 3.1594e-44
0.16703 3.314e-44
0.16715 3.4761e-44
0.16726 3.4761e-44
0.16738 3.6461e-44
0.16749 3.6461e-44
0.16761 3.8244e-44
0.16773 4.0112e-44
0.16784 4.0112e-44
0.16796 4.2072e-44
0.16807 4.2072e-44
0.16819 4.4126e-44
0.16831 4.628e-44
0.16842 4.628e-44
0.16854 4.8538e-44
0.16866 4.8538e-44
0.16877 5.0905e-44
0.16889 5.3386e-44
0.16901 5.3386e-44
0.16912 5.5988e-44
0.16924 5.5988e-44
0.16936 5.8715e-44
0.16947 6.1574e-44
0.16959 6.1574e-44
0.16971 6.4571e-44
0.16982 6.4571e-44
0.16994 6.7713e-44
0.17006 7.1007e-44
0.17018 7.1007e-44
0.17029 7.4459e-44
0.17041 7.4459e-44
0.17053 7.8078e-44
0.17065 8.1871e-44
0.17077 8.1871e-44
0.17088 8.5847e-44
0.171 8.5847e-44
0.17112 9.0014e-44
0.17124 9.4382e-44
0.17136 9.4382e-44
0.17147 9.896e-44
0.17159 9.896e-44
0.17171 1.0376e-43
0.17183 1.0879e-43
0.17195 1.0879e-43
0.17207 1.1406e-43
0.17219 1.1406e-43
0.17231 1.1958e-43
0.17242 1.2537e-43
0.17254 1.2537e-43
0.17266 1.3144e-43
0.17278 1.3144e-43
0.1729 1.378e-43
0.17302 1.4446e-43
0.17314 1.4446e-43
0.17326 1.5144e-43
0.17338 1.5144e-43
0.1735 1.5876e-43
0.17362 1.6643e-43
0.17374 1.6643e-43
0.17386 1.7446e-43
0.17398 1.7446e-43
0.1741 1.8288e-43
0.17422 1.9171e-43
0.17434 1.9171e-43
0.17446 2.0095e-43
0.17458 2.0095e-43
0.1747 2.1064e-43
0.17482 2.2079e-43
0.17494 2.2079e-43
0.17507 2.3142e-43
0.17519 2.3142e-43
0.17531 2.4257e-43
0.17543 2.5424e-43
0.17555 2.5424e-43
0.17567 2.6647e-43
0.17579 2.6647e-43
0.17591 2.7929e-43
0.17604 2.9272e-43
0.17616 2.9272e-43
0.17628 3.0678e-43
0.1764 3.0678e-43
0.17652 3.2152e-43
0.17664 3.3696e-43
0.17677 3.3696e-43
0.17689 3.5313e-43
0.17701 3.5313e-43
0.17713 3.7008e-43
0.17726 3.8783e-43
0.17738 3.8783e-43
0.1775 4.0642e-43
0.17762 4.0642e-43
0.17775 4.259e-43
0.17787 4.4631e-43
0.17799 4.4631e-43
0.17811 4.6768e-43
0.17824 4.6768e-43
0.17836 4.9007e-43
0.17848 5.1352e-43
0.17861 5.1352e-43
0.17873 5.3808e-43
0.17885 5.3808e-43
0.17898 5.6381e-43
0.1791 5.9076e-43
0.17923 5.9076e-43
0.17935 6.1899e-43
0.17947 6.1899e-43
0.1796 6.4855e-43
0.17972 6.7951e-43
0.17985 6.7951e-43
0.17997 7.1194e-43
0.18009 7.1194e-43
0.18022 7.459e-43
0.18034 7.8147e-43
0.18047 7.8147e-43
0.18059 8.1872e-43
0.18072 8.1872e-43
0.18084 8.5774e-43
0.18097 8.9859e-43
0.18109 8.9859e-43
0.18122 9.4138e-43
0.18134 9.4138e-43
0.18147 9.8618e-43
0.18159 1.0331e-42
0.18172 1.0331e-42
0.18184 1.0822e-42
0.18197 1.0822e-42
0.1821 1.1337e-42
0.18222 1.1875e-42
0.18235 1.1875e-42
0.18247 1.244e-42
0.1826 1.244e-42
0.18273 1.303e-42
0.18285 1.3649e-42
0.18298 1.3649e-42
0.1831 1.4296e-42
0.18323 1.4296e-42
0.18336 1.4974e-42
0.18348 1.5684e-42
0.18361 1.5684e-42
0.18374 1.6428e-42
0.18387 1.6428e-42
0.18399 1.7206e-42
0.18412 1.8021e-42
0.18425 1.8021e-42
0.18437 1.8874e-42
0.1845 1.8874e-42
0.18463 1.9767e-42
0.18476 2.0702e-42
0.18488 2.0702e-42
0.18501 2.1681e-42
0.18514 2.1681e-42
0.18527 2.2705e-42
0.1854 2.3778e-42
0.18552 2.3778e-42
0.18565 2.4901e-42
0.18578 2.4901e-42
0.18591 2.6077e-42
0.18604 2.7307e-42
0.18617 2.7307e-42
0.18629 2.8595e-42
0.18642 2.8595e-42
0.18655 2.9944e-42
0.18668 3.1355e-42
0.18681 3.1355e-42
0.18694 3.2833e-42
0.18707 3.2833e-42
0.1872 3.4379e-42
0.18733 3.5997e-42
0.18746 3.5997e-42
0.18759 3.7692e-42
0.18772 3.7692e-42
0.18785 3.9465e-42
0.18797 4.1321e-42
0.1881 4.1321e-42
0.18823 4.3263e-42
0.18836 4.3263e-42
0.1885 4.5296e-42
0.18863 4.7424e-42
0.18876 4.7424e-42
0.18889 4.965e-42
0.18902 4.965e-42
0.18915 5.1981e-42
0.18928 5.442e-42
0.18941 5.442e-42
0.18954 5.6972e-42
0.18967 5.6972e-42
0.1898 5.9643e-42
0.18993 6.2438e-42
0.19006 6.2438e-42
0.1902 6.5363e-42
0.19033 6.5363e-42
0.19046 6.8424e-42
0.19059 7.1626e-42
0.19072 7.1626e-42
0.19085 7.4978e-42
0.19099 7.4978e-42
0.19112 7.8485e-42
0.19125 8.2154e-42
0.19138 8.2154e-42
0.19151 8.5994e-42
0.19165 8.5994e-42
0.19178 9.0011e-42
0.19191 9.4215e-42
0.19204 9.4215e-42
0.19218 9.8613e-42
0.19231 9.8613e-42
0.19244 1.0321e-41
0.19258 1.0803e-41
0.19271 1.0803e-41
0.19284 1.1307e-41
0.19297 1.1307e-41
0.19311 1.1834e-41
0.19324 1.2385e-41
0.19337 1.2385e-41
0.19351 1.2962e-41
0.19364 1.2962e-41
0.19378 1.3565e-41
0.19391 1.4197e-41
0.19404 1.4197e-41
0.19418 1.4857e-41
0.19431 1.4857e-41
0.19445 1.5548e-41
0.19458 1.6271e-41
0.19472 1.6271e-41
0.19485 1.7027e-41
0.19498 1.7027e-41
0.19512 1.7817e-41
0.19525 1.8645e-41
0.19539 1.8645e-41
0.19552 1.951e-41
0.19566 1.951e-41
0.19579 2.0415e-41
0.19593 2.1362e-41
0.19606 2.1362e-41
0.1962 2.2352e-41
0.19634 2.2352e-41
0.19647 2.3388e-41
0.19661 2.4471e-41
0.19674 2.4471e-41
0.19688 2.5605e-41
0.19702 2.5605e-41
0.19715 2.679e-41
0.19729 2.8029e-41
0.19742 2.8029e-41
0.19756 2.9326e-41
0.1977 2.9326e-41
0.19783 3.0682e-41
0.19797 3.2099e-41
0.19811 3.2099e-41
0.19824 3.3582e-41
0.19838 3.3582e-41
0.19852 3.5133e-41
0.19866 3.6755e-41
0.19879 3.6755e-41
0.19893 3.8451e-41
0.19907 3.8451e-41
0.1992 4.0225e-41
0.19934 4.2079e-41
0.19948 4.2079e-41
0.19962 4.4019e-41
0.19976 4.4019e-41
0.19989 4.6047e-41
0.20003 4.8167e-41
0.20017 4.8167e-41
0.20031 5.0385e-41
0.20045 5.0385e-41
0.20059 5.2703e-41
0.20072 5.5128e-41
0.20086 5.5128e-41
0.201 5.7663e-41
0.20114 5.7663e-41
0.20128 6.0313e-41
0.20142 6.3085e-41
0.20156 6.3085e-41
0.2017 6.5982e-41
0.20184 6.5982e-41
0.20198 6.9011e-41
0.20212 7.2179e-41
0.20226 7.2179e-41
0.2024 7.549e-41
0.20253 7.549e-41
0.20267 7.8952e-41
0.20281 8.2571e-41
0.20296 8.2571e-41
0.2031 8.6355e-41
0.20324 8.6355e-41
0.20338 9.031e-41
0.20352 9.4445e-41
0.20366 9.4445e-41
0.2038 9.8768e-41
0.20394 9.8768e-41
0.20408 1.0329e-40
0.20422 1.0801e-40
0.20436 1.0801e-40
0.2045 1.1295e-40
0.20464 1.1295e-40
0.20479 1.1811e-40
0.20493 1.2351e-40
0.20507 1.2351e-40
0.20521 1.2915e-40
0.20535 1.2915e-40
0.20549 1.3504e-40
0.20564 1.412e-40
0.20578 1.412e-40
0.20592 1.4764e-40
0.20606 1.4764e-40
0.20621 1.5437e-40
0.20635 1.6141e-40
0.20649 1.6141e-40
0.20663 1.6876e-40
0.20678 1.6876e-40
0.20692 1.7645e-40
0.20706 1.8448e-40
0.2072 1.8448e-40
0.20735 1.9288e-40
0.20749 1.9288e-40
0.20763 2.0165e-40
0.20778 2.1082e-40
0.20792 2.1082e-40
0.20807 2.204e-40
0.20821 2.204e-40
0.20835 2.3042e-40
0.2085 2.4088e-40
0.20864 2.4088e-40
0.20879 2.5182e-40
0.20893 2.5182e-40
0.20907 2.6325e-40
0.20922 2.7519e-40
0.20936 2.7519e-40
0.20951 2.8767e-40
0.20965 2.8767e-40
0.2098 3.0071e-40
0.20994 3.1433e-40
0.21009 3.1433e-40
0.21023 3.2857e-40
0.21038 3.2857e-40
0.21052 3.4345e-40
0.21067 3.5899e-40
0.21081 3.5899e-40
0.21096 3.7523e-40
0.21111 3.7523e-40
0.21125 3.922e-40
0.2114 4.0993e-40
0.21154 4.0993e-40
0.21169 4.2846e-40
0.21184 4.2846e-40
0.21198 4.4781e-40
0.21213 4.6804e-40
0.21228 4.6804e-40
0.21242 4.8916e-40
0.21257 4.8916e-40
0.21272 5.1123e-40
0.21286 5.3429e-40
0.21301 5.3429e-40
0.21316 5.5838e-40
0.2133 5.5838e-40
0.21345 5.8354e-40
0.2136 6.0983e-40
0.21375 6.0983e-40
0.21389 6.373e-40
0.21404 6.373e-40
0.21419 6.6598e-40
0.21434 6.9595e-40
0.21449 6.9595e-40
0.21463 7.2726e-40
0.21478 7.2726e-40
0.21493 7.5996e-40
0.21508 7.9411e-40
0.21523 7.9411e-40
0.21538 8.2979e-40
0.21553 8.2979e-40
0.21568 8.6706e-40
0.21582 9.0599e-40
0.21597 9.0599e-40
0.21612 9.4664e-40
0.21627 9.4664e-40
0.21642 9.8911e-40
0.21657 1.0335e-39
0.21672 1.0335e-39
0.21687 1.0798e-39
0.21702 1.0798e-39
0.21717 1.1282e-39
0.21732 1.1787e-39
0.21747 1.1787e-39
0.21762 1.2315e-39
0.21777 1.2315e-39
0.21792 1.2866e-39
0.21807 1.3442e-39
0.21822 1.3442e-39
0.21837 1.4043e-39
0.21852 1.4043e-39
0.21868 1.467e-39
0.21883 1.5326e-39
0.21898 1.5326e-39
0.21913 1.6011e-39
0.21928 1.6011e-39
0.21943 1.6725e-39
0.21958 1.7472e-39
0.21974 1.7472e-39
0.21989 1.8252e-39
0.22004 1.8252e-39
0.22019 1.9066e-39
0.22034 1.9916e-39
0.2205 1.9916e-39
0.22065 2.0803e-39
0.2208 2.0803e-39
0.22095 2.173e-39
0.22111 2.2698e-39
0.22126 2.2698e-39
0.22141 2.3708e-39
0.22156 2.3708e-39
0.22172 2.4763e-39
0.22187 2.5864e-39
0.22202 2.5864e-39
0.22218 2.7014e-39
0.22233 2.7014e-39
0.22248 2.8215e-39
0.22264 2.9468e-39
0.22279 2.9468e-39
0.22295 3.0777e-39
0.2231 3.0777e-39
0.22325 3.2143e-39
0.22341 3.357e-39
0.22356 3.357e-39
0.22372 3.5059e-39
0.22387 3.5059e-39
0.22403 3.6614e-39
0.22418 3.8236e-39
0.22434 3.8236e-39
0.22449 3.9931e-39
0.22465 3.9931e-39
0.2248 4.1699e-39
0.22496 4.3545e-39
0.22511 4.3545e-39
0.22527 4.5473e-39
0.22542 4.5473e-39
0.22558 4.7484e-39
0.22574 4.9584e-39
0.22589 4.9584e-39
0.22605 5.1776e-39
0.2262 5.1776e-39
0.22636 5.4064e-39
0.22652 5.6452e-39
0.22667 5.6452e-39
0.22683 5.8945e-39
0.22699 5.8945e-39
0.22714 6.1546e-39
0.2273 6.4262e-39
0.22746 6.4262e-39
0.22761 6.7096e-39
0.22777 6.7096e-39
0.22793 7.0054e-39
0.22809 7.3141e-39
0.22824 7.3141e-39
0.2284 7.6363e-39
0.22856 7.6363e-39
0.22872 7.9726e-39
0.22888 8.3235e-39
0.22903 8.3235e-39
0.22919 8.6897e-39
0.22935 8.6897e-39
0.22951 9.072e-39
0.22967 9.4708e-39
0.22983 9.4708e-39
0.22999 9.8871e-39
0.23014 9.8871e-39
0.2303 1.0321e-38
0.23046 1.0775e-38
0.23062 1.0775e-38
0.23078 1.1248e-38
0.23094 1.1248e-38
0.2311 1.1741e-38
0.23126 1.2256e-38
0.23142 1.2256e-38
0.23158 1.2794e-38
0.23174 1.2794e-38
0.2319 1.3355e-38
0.23206 1.394e-38
0.23222 1.394e-38
0.23238 1.455e-38
0.23254 1.455e-38
0.2327 1.5187e-38
0.23286 1.5852e-38
0.23302 1.5852e-38
0.23318 1.6545e-38
0.23335 1.6545e-38
0.23351 1.7269e-38
0.23367 1.8024e-38
0.23383 1.8024e-38
0.23399 1.8811e-38
0.23415 1.8811e-38
0.23431 1.9633e-38
0.23448 2.049e-38
0.23464 2.049e-38
0.2348 2.1384e-38
0.23496 2.1384e-38
0.23513 2.2317e-38
0.23529 2.3291e-38
0.23545 2.3291e-38
0.23561 2.4306e-38
0.23578 2.4306e-38
0.23594 2.5365e-38
0.2361 2.647e-38
0.23627 2.647e-38
0.23643 2.7623e-38
0.23659 2.7623e-38
0.23676 2.8825e-38
0.23692 3.0079e-38
0.23708 3.0079e-38
0.23725 3.1388e-38
0.23741 3.1388e-38
0.23757 3.2752e-38
0.23774 3.4176e-38
0.2379 3.4176e-38
0.23807 3.566e-38
0.23823 3.566e-38
0.2384 3.7209e-38
0.23856 3.8824e-38
0.23873 3.8824e-38
0.23889 4.0509e-38
0.23906 4.0509e-38
0.23922 4.2266e-38
0.23939 4.4099e-38
0.23955 4.4099e-38
0.23972 4.601e-38
0.23988 4.601e-38
0.24005 4.8004e-38
0.24021 5.0083e-38
0.24038 5.0083e-38
0.24055 5.2251e-38
0.24071 5.2251e-38
0.24088 5.4512e-38
0.24105 5.687e-38
0.24121 5.687e-38
0.24138 5.9329e-38
0.24155 5.9329e-38
0.24171 6.1894e-38
0.24188 6.4568e-38
0.24205 6.4568e-38
0.24221 6.7357e-38
0.24238 6.7357e-38
0.24255 7.0265e-38
0.24272 7.3298e-38
0.24288 7.3298e-38
0.24305 7.646e-38
0.24322 7.646e-38
0.24339 7.9758e-38
0.24356 8.3196e-38
0.24372 8.3196e-38
0.24389 8.6781e-38
0.24406 8.6781e-38
0.24423 9.0519e-38
0.2444 9.4417e-38
0.24457 9.4417e-38
0.24474 9.8481e-38
0.24491 9.8481e-38
0.24508 1.0272e-37
0.24524 1.0714e-37
0.24541 1.0714e-37
0.24558 1.1174e-37
0.24575 1.1174e-37
0.24592 1.1654e-37
0.24609 1.2155e-37
0.24626 1.2155e-37
0.24643 1.2677e-37
0.2466 1.2677e-37
0.24677 1.3221e-37
0.24694 1.3789e-37
0.24712 1.3789e-37
0.24729 1.438e-37
0.24746 1.438e-37
0.24763 1.4997e-37
0.2478 1.5639e-37
0.24797 1.5639e-37
0.24814 1.6309e-37
0.24831 1.6309e-37
0.24848 1.7008e-37
0.24866 1.7736e-37
0.24883 1.7736e-37
0.249 1.8495e-37
0.24917 1.8495e-37
0.24934 1.9286e-37
0.24952 2.0111e-37
0.24969 2.0111e-37
0.24986 2.097e-37
0.25003 2.097e-37
0.25021 2.1866e-37
0.25038 2.28e-37
0.25055 2.28e-37
0.25073 2.3774e-37
0.2509 2.3774e-37
0.25107 2.4788e-37
0.25125 2.5846e-37
0.25142 2.5846e-37
0.25159 2.6948e-37
0.25177 2.6948e-37
0.25194 2.8097e-37
0.25212 2.9294e-37
0.25229 2.9294e-37
0.25246 3.0542e-37
0.25264 3.0542e-37
0.25281 3.1843e-37
0.25299 3.3198e-37
0.25316 3.3198e-37
0.25334 3.461e-37
0.25351 3.461e-37
0.25369 3.6082e-37
0.25386 3.7616e-37
0.25404 3.7616e-37
0.25421 3.9215e-37
0.25439 3.9215e-37
0.25457 4.0881e-37
0.25474 4.2617e-37
0.25492 4.2617e-37
0.25509 4.4426e-37
0.25527 4.4426e-37
0.25545 4.6311e-37
0.25562 4.8275e-37
0.2558 4.8275e-37
0.25598 5.0322e-37
0.25615 5.0322e-37
0.25633 5.2455e-37
0.25651 5.4677e-37
0.25668 5.4677e-37
0.25686 5.6993e-37
0.25704 5.6993e-37
0.25722 5.9405e-37
0.25739 6.1919e-37
0.25757 6.1919e-37
0.25775 6.4539e-37
0.25793 6.4539e-37
0.25811 6.7268e-37
0.25829 7.0111e-37
0.25846 7.0111e-37
0.25864 7.3073e-37
0.25882 7.3073e-37
0.259 7.6159e-37
0.25918 7.9375e-37
0.25936 7.9375e-37
0.25954 8.2725e-37
0.25972 8.2725e-37
0.2599 8.6215e-37
0.26008 8.985e-37
0.26026 8.985e-37
0.26044 9.3638e-37
0.26062 9.3638e-37
0.2608 9.7584e-37
0.26098 1.0169e-36
0.26116 1.0169e-36
0.26134 1.0598e-36
0.26152 1.0598e-36
0.2617 1.1044e-36
0.26188 1.1508e-36
0.26206 1.1508e-36
0.26224 1.1992e-36
0.26242 1.1992e-36
0.2626 1.2496e-36
0.26278 1.3022e-36
0.26297 1.3022e-36
0.26315 1.3569e-36
0.26333 1.3569e-36
0.26351 1.4138e-36
0.26369 1.4732e-36
0.26388 1.4732e-36
0.26406 1.535e-36
0.26424 1.535e-36
0.26442 1.5994e-36
0.26461 1.6664e-36
0.26479 1.6664e-36
0.26497 1.7363e-36
0.26516 1.7363e-36
0.26534 1.809e-36
0.26552 1.8848e-36
0.26571 1.8848e-36
0.26589 1.9637e-36
0.26607 1.9637e-36
0.26626 2.0458e-36
0.26644 2.1314e-36
0.26662 2.1314e-36
0.26681 2.2205e-36
0.26699 2.2205e-36
0.26718 2.3134e-36
0.26736 2.41e-36
0.26755 2.41e-36
0.26773 2.5107e-36
0.26792 2.5107e-36
0.2681 2.6155e-36
0.26829 2.7246e-36
0.26847 2.7246e-36
0.26866 2.8383e-36
0.26884 2.8383e-36
0.26903 2.9567e-36
0.26922 3.0799e-36
0.2694 3.0799e-36
0.26959 3.2082e-36
0.26977 3.2082e-36
0.26996 3.3419e-36
0.27015 3.481e-36
0.27033 3.481e-36
0.27052 3.6259e-36
0.27071 3.6259e-36
0.27089 3.7768e-36
0.27108 3.9338e-36
0.27127 3.9338e-36
0.27146 4.0974e-36
0.27164 4.0974e-36
0.27183 4.2676e-36
0.27202 4.4449e-36
0.27221 4.4449e-36
0.2724 4.6295e-36
0.27258 4.6295e-36
0.27277 4.8216e-36
0.27296 5.0217e-36
0.27315 5.0217e-36
0.27334 5.23e-36
0.27353 5.23e-36
0.27372 5.4468e-36
0.27391 5.6726e-36
0.27409 5.6726e-36
0.27428 5.9076e-36
0.27447 5.9076e-36
0.27466 6.1522e-36
0.27485 6.4069e-36
0.27504 6.4069e-36
0.27523 6.672e-36
0.27542 6.672e-36
0.27561 6.948e-36
0.2758 7.2353e-36
0.27599 7.2353e-36
0.27618 7.5343e-36
0.27638 7.5343e-36
0.27657 7.8456e-36
0.27676 8.1696e-36
0.27695 8.1696e-36
0.27714 8.5069e-36
0.27733 8.5069e-36
0.27752 8.858e-36
0.27772 9.2234e-36
0.27791 9.2234e-36
0.2781 9.6037e-36
0.27829 9.6037e-36
0.27848 9.9996e-36
0.27868 1.0412e-35
0.27887 1.0412e-35
0.27906 1.084e-35
0.27925 1.084e-35
0.27945 1.1287e-35
0.27964 1.1751e-35
0.27983 1.1751e-35
0.28003 1.2235e-35
0.28022 1.2235e-35
0.28041 1.2738e-35
0.28061 1.3262e-35
0.2808 1.3262e-35
0.281 1.3807e-35
0.28119 1.3807e-35
0.28138 1.4374e-35
0.28158 1.4964e-35
0.28177 1.4964e-35
0.28197 1.5578e-35
0.28216 1.5578e-35
0.28236 1.6217e-35
0.28255 1.6882e-35
0.28275 1.6882e-35
0.28294 1.7575e-35
0.28314 1.7575e-35
0.28333 1.8295e-35
0.28353 1.9044e-35
0.28373 1.9044e-35
0.28392 1.9824e-35
0.28412 1.9824e-35
0.28432 2.0636e-35
0.28451 2.148e-35
0.28471 2.148e-35
0.2849 2.2359e-35
0.2851 2.2359e-35
0.2853 2.3273e-35
0.2855 2.4224e-35
0.28569 2.4224e-35
0.28589 2.5214e-35
0.28609 2.5214e-35
0.28629 2.6244e-35
0.28648 2.7315e-35
0.28668 2.7315e-35
0.28688 2.843e-35
0.28708 2.843e-35
0.28728 2.959e-35
0.28747 3.0796e-35
0.28767 3.0796e-35
0.28787 3.2051e-35
0.28807 3.2051e-35
0.28827 3.3357e-35
0.28847 3.4716e-35
0.28867 3.4716e-35
0.28887 3.613e-35
0.28907 3.613e-35
0.28927 3.76e-35
0.28947 3.913e-35
0.28967 3.913e-35
0.28987 4.0721e-35
0.29007 4.0721e-35
0.29027 4.2376e-35
0.29047 4.4098e-35
0.29067 4.4098e-35
0.29087 4.589e-35
0.29107 4.589e-35
0.29127 4.7753e-35
0.29147 4.9691e-35
0.29168 4.9691e-35
0.29188 5.1708e-35
0.29208 5.1708e-35
0.29228 5.3805e-35
0.29248 5.5986e-35
0.29268 5.5986e-35
0.29289 5.8255e-35
0.29309 5.8255e-35
0.29329 6.0615e-35
0.29349 6.307e-35
0.2937 6.307e-35
0.2939 6.5623e-35
0.2941 6.5623e-35
0.29431 6.8278e-35
0.29451 7.104e-35
0.29471 7.104e-35
0.29492 7.3913e-35
0.29512 7.3913e-35
0.29532 7.69e-35
0.29553 8.0007e-35
0.29573 8.0007e-35
0.29594 8.3238e-35
0.29614 8.3238e-35
0.29635 8.6599e-35
0.29655 9.0093e-35
0.29676 9.0093e-35
0.29696 9.3728e-35
0.29717 9.3728e-35
0.29737 9.7507e-35
0.29758 1.0144e-34
0.29778 1.0144e-34
0.29799 1.0553e-34
0.29819 1.0553e-34
0.2984 1.0978e-34
0.29861 1.142e-34
0.29881 1.142e-34
0.29902 1.1879e-34
0.29923 1.1879e-34
0.29943 1.2357e-34
0.29964 1.2854e-34
0.29985 1.2854e-34
0.30005 1.3371e-34
0.30026 1.3371e-34
0.30047 1.3908e-34
0.30068 1.4467e-34
0.30088 1.4467e-34
0.30109 1.5048e-34
0.3013 1.5048e-34
0.30151 1.5652e-34
0.30172 1.628e-34
0.30193 1.628e-34
0.30213 1.6933e-34
0.30234 1.6933e-34
0.30255 1.7612e-34
0.30276 1.8318e-34
0.30297 1.8318e-34
0.30318 1.9051e-34
0.30339 1.9051e-34
0.3036 1.9814e-34
0.30381 2.0608e-34
0.30402 2.0608e-34
0.30423 2.1432e-34
0.30444 2.1432e-34
0.30465 2.229e-34
0.30486 2.3181e-34
0.30507 2.3181e-34
0.30528 2.4107e-34
0.30549 2.4107e-34
0.3057 2.5071e-34
0.30591 2.6072e-34
0.30613 2.6072e-34
0.30634 2.7113e-34
0.30655 2.7113e-34
0.30676 2.8195e-34
0.30697 2.932e-34
0.30718 2.932e-34
0.3074 3.0489e-34
0.30761 3.0489e-34
0.30782 3.1705e-34
0.30803 3.2968e-34
0.30825 3.2968e-34
0.30846 3.4281e-34
0.30867 3.4281e-34
0.30889 3.5646e-34
0.3091 3.7065e-34
0.30931 3.7065e-34
0.30953 3.854e-34
0.30974 3.854e-34
0.30996 4.0073e-34
0.31017 4.1666e-34
0.31038 4.1666e-34
0.3106 4.3322e-34
0.31081 4.3322e-34
0.31103 4.5043e-34
0.31124 4.6832e-34
0.31146 4.6832e-34
0.31167 4.8691e-34
0.31189 4.8691e-34
0.3121 5.0624e-34
0.31232 5.2632e-34
0.31254 5.2632e-34
0.31275 5.4719e-34
0.31297 5.4719e-34
0.31318 5.6888e-34
0.3134 5.9142e-34
0.31362 5.9142e-34
0.31383 6.1484e-34
0.31405 6.1484e-34
0.31427 6.3919e-34
0.31449 6.6449e-34
0.3147 6.6449e-34
0.31492 6.9078e-34
0.31514 6.9078e-34
0.31536 7.181e-34
0.31557 7.4649e-34
0.31579 7.4649e-34
0.31601 7.7599e-34
0.31623 7.7599e-34
0.31645 8.0665e-34
0.31666 8.385e-34
0.31688 8.385e-34
0.3171 8.716e-34
0.31732 8.716e-34
0.31754 9.06e-34
0.31776 9.4173e-34
0.31798 9.4173e-34
0.3182 9.7887e-34
0.31842 9.7887e-34
0.31864 1.0175e-33
0.31886 1.0575e-33
0.31908 1.0575e-33
0.3193 1.0992e-33
0.31952 1.0992e-33
0.31974 1.1425e-33
0.31996 1.1874e-33
0.32018 1.1874e-33
0.32041 1.2342e-33
0.32063 1.2342e-33
0.32085 1.2827e-33
0.32107 1.3331e-33
0.32129 1.3331e-33
0.32151 1.3855e-33
0.32174 1.3855e-33
0.32196 1.44e-33
0.32218 1.4965e-33
0.3224 1.4965e-33
0.32263 1.5553e-33
0.32285 1.5553e-33
0.32307 1.6163e-33
0.3233 1.6797e-33
0.32352 1.6797e-33
0.32374 1.7456e-33
0.32397 1.7456e-33
0.32419 1.814e-33
0.32441 1.8851e-33
0.32464 1.8851e-33
0.32486 1.9589e-33
0.32509 1.9589e-33
0.32531 2.0356e-33
0.32554 2.1153e-33
0.32576 2.1153e-33
0.32599 2.1981e-33
0.32621 2.1981e-33
0.32644 2.2841e-33
0.32666 2.3734e-33
0.32689 2.3734e-33
0.32711 2.4661e-33
0.32734 2.4661e-33
0.32757 2.5625e-33
0.32779 2.6626e-33
0.32802 2.6626e-33
0.32825 2.7666e-33
0.32847 2.7666e-33
0.3287 2.8745e-33
0.32893 2.9867e-33
0.32915 2.9867e-33
0.32938 3.1032e-33
0.32961 3.1032e-33
0.32984 3.2242e-33
0.33007 3.3499e-33
0.33029 3.3499e-33
0.33052 3.4804e-33
0.33075 3.4804e-33
0.33098 3.616e-33
0.33121 3.7568e-33
0.33144 3.7568e-33
0.33167 3.903e-33
0.33189 3.903e-33
0.33212 4.0548e-33
0.33235 4.2126e-33
0.33258 4.2126e-33
0.33281 4.3764e-33
0.33304 4.3764e-33
0.33327 4.5465e-33
0.3335 4.7231e-33
0.33373 4.7231e-33
0.33396 4.9071e-33
0.3342 5.1147e-33
0.33443 5.3309e-33
0.33466 5.5561e-33
0.33489 5.7907e-33
0.33512 6.035e-33
0.33535 6.2894e-33
0.33558 6.5543e-33
0.33581 6.8302e-33
0.33605 7.1175e-33
0.33628 7.4166e-33
0.33651 7.7281e-33
0.33674 8.0525e-33
0.33698 8.3902e-33
0.33721 8.7419e-33
0.33744 9.108e-33
0.33768 9.4892e-33
0.33791 9.886e-33
0.33814 1.0299e-32
0.33838 1.0729e-32
0.33861 1.1177e-32
0.33884 1.1643e-32
0.33908 1.2128e-32
0.33931 1.2633e-32
0.33955 1.3159e-32
0.33978 1.3706e-32
0.34002 1.4275e-32
0.34025 1.4868e-32
0.34049 1.5485e-32
0.34072 1.6127e-32
0.34096 1.6795e-32
0.34119 1.749e-32
0.34143 1.8214e-32
0.34166 1.8967e-32
0.3419 1.975e-32
0.34214 2.0566e-32
0.34237 2.1414e-32
0.34261 2.2297e-32
0.34285 2.3215e-32
0.34308 2.4171e-32
0.34332 2.5165e-32
0.34356 2.6199e-32
0.3438 2.7275e-32
0.34403 2.8395e-32
0.34427 2.9559e-32
0.34451 3.077e-32
0.34475 3.2031e-32
0.34498 3.3341e-32
0.34522 3.4705e-32
0.34546 3.6123e-32
0.3457 3.7598e-32
0.34594 3.9132e-32
0.34618 4.0728e-32
0.34642 4.2387e-32
0.34666 4.4113e-32
0.3469 4.5908e-32
0.34714 4.7775e-32
0.34738 4.9716e-32
0.34762 5.1734e-32
0.34786 5.3833e-32
0.3481 5.6015e-32
0.34834 5.8284e-32
0.34858 6.0644e-32
0.34882 6.3097e-32
0.34906 6.5648e-32
0.3493 6.8299e-32
0.34954 7.1056e-32
0.34978 7.3922e-32
0.35003 7.6902e-32
0.35027 7.9999e-32
0.35051 8.3219e-32
0.35075 8.6566e-32
0.35099 9.0045e-32
0.35124 9.3661e-32
0.35148 9.742e-32
0.35172 1.0133e-31
0.35197 1.0539e-31
0.35221 1.0961e-31
0.35245 1.1399e-31
0.3527 1.1855e-31
0.35294 1.2329e-31
0.35318 1.2821e-31
0.35343 1.3333e-31
0.35367 1.3864e-31
0.35392 1.4417e-31
0.35416 1.4991e-31
0.35441 1.5587e-31
0.35465 1.6207e-31
0.3549 1.6851e-31
0.35514 1.752e-31
0.35539 1.8215e-31
0.35563 1.8937e-31
0.35588 1.9687e-31
0.35612 2.0466e-31
0.35637 2.1276e-31
0.35662 2.2117e-31
0.35686 2.299e-31
0.35711 2.3898e-31
0.35736 2.484e-31
0.3576 2.5819e-31
0.35785 2.6836e-31
0.3581 2.7892e-31
0.35834 2.8989e-31
0.35859 3.0129e-31
0.35884 3.1312e-31
0.35909 3.254e-31
0.35934 3.3816e-31
0.35958 3.5142e-31
0.35983 3.6518e-31
0.36008 3.7947e-31
0.36033 3.943e-31
0.36058 4.0971e-31
0.36083 4.2571e-31
0.36108 4.4231e-31
0.36133 4.5956e-31
0.36158 4.7746e-31
0.36183 4.9605e-31
0.36208 5.1535e-31
0.36233 5.3538e-31
0.36258 5.5618e-31
0.36283 5.7777e-31
0.36308 6.0019e-31
0.36333 6.2345e-31
0.36358 6.476e-31
0.36383 6.7267e-31
0.36408 6.9868e-31
0.36433 7.2569e-31
0.36459 7.5372e-31
0.36484 7.8281e-31
0.36509 8.13e-31
0.36534 8.4433e-31
0.36559 8.7685e-31
0.36585 9.1059e-31
0.3661 9.4561e-31
0.36635 9.8195e-31
0.36661 1.0197e-30
0.36686 1.0588e-30
0.36711 1.0994e-30
0.36737 1.1415e-30
0.36762 1.1852e-30
0.36787 1.2306e-30
0.36813 1.2776e-30
0.36838 1.3264e-30
0.36864 1.3771e-30
0.36889 1.4296e-30
0.36915 1.4841e-30
0.3694 1.5406e-30
0.36966 1.5993e-30
0.36991 1.6601e-30
0.37017 1.7232e-30
0.37042 1.7887e-30
0.37068 1.8566e-30
0.37094 1.927e-30
0.37119 2e-30
0.37145 2.0758e-30
0.37171 2.1544e-30
0.37196 2.2358e-30
0.37222 2.3203e-30
0.37248 2.408e-30
0.37273 2.4989e-30
0.37299 2.5931e-30
0.37325 2.6908e-30
0.37351 2.7921e-30
0.37377 2.8972e-30
0.37402 3.0061e-30
0.37428 3.1191e-30
0.37454 3.2362e-30
0.3748 3.3577e-30
0.37506 3.4835e-30
0.37532 3.6141e-30
0.37558 3.7494e-30
0.37584 3.8897e-30
0.3761 4.0351e-30
0.37636 4.1858e-30
0.37662 4.3421e-30
0.37688 4.5041e-30
0.37714 4.672e-30
0.3774 4.846e-30
0.37766 5.0264e-30
0.37792 5.2134e-30
0.37818 5.4071e-30
0.37844 5.608e-30
0.3787 5.8161e-30
0.37897 6.0318e-30
0.37923 6.2554e-30
0.37949 6.4871e-30
0.37975 6.7272e-30
0.38001 6.976e-30
0.38028 7.2338e-30
0.38054 7.5009e-30
0.3808 7.7777e-30
0.38107 8.0645e-30
0.38133 8.3617e-30
0.38159 8.6696e-30
0.38186 8.9886e-30
0.38212 9.3191e-30
0.38238 9.6615e-30
0.38265 1.0016e-29
0.38291 1.0384e-29
0.38318 1.0764e-29
0.38344 1.1159e-29
0.38371 1.1567e-29
0.38397 1.199e-29
0.38424 1.2429e-29
0.3845 1.2883e-29
0.38477 1.3353e-29
0.38503 1.384e-29
0.3853 1.4345e-29
0.38557 1.4867e-29
0.38583 1.5408e-29
0.3861 1.5969e-29
0.38637 1.6549e-29
0.38663 1.715e-29
0.3869 1.7773e-29
0.38717 1.8417e-29
0.38744 1.9085e-29
0.3877 1.9776e-29
0.38797 2.0491e-29
0.38824 2.1232e-29
0.38851 2.2e-29
0.38878 2.2794e-29
0.38905 2.3617e-29
0.38931 2.4468e-29
0.38958 2.535e-29
0.38985 2.6263e-29
0.39012 2.7207e-29
0.39039 2.8186e-29
0.39066 2.9198e-29
0.39093 3.0247e-29
0.3912 3.1332e-29
0.39147 3.2455e-29
0.39174 3.3618e-29
0.39201 3.4821e-29
0.39228 3.6067e-29
0.39255 3.7356e-29
0.39283 3.869e-29
0.3931 4.0071e-29
0.39337 4.1501e-29
0.39364 4.298e-29
0.39391 4.4511e-29
0.39418 4.6095e-29
0.39446 4.7734e-29
0.39473 4.9431e-29
0.395 5.1186e-29
0.39528 5.3003e-29
0.39555 5.4882e-29
0.39582 5.6827e-29
0.3961 5.8839e-29
0.39637 6.0921e-29
0.39664 6.3076e-29
0.39692 6.5304e-29
0.39719 6.761e-29
0.39747 6.9996e-29
0.39774 7.2463e-29
0.39802 7.5017e-29
0.39829 7.7658e-29
0.39857 8.039e-29
0.39884 8.3216e-29
0.39912 8.6139e-29
0.39939 8.9163e-29
0.39967 9.2291e-29
0.39994 9.5526e-29
0.40022 9.8872e-29
0.4005 1.0233e-28
0.40077 1.0591e-28
0.40105 1.0961e-28
0.40133 1.1344e-28
0.40161 1.174e-28
0.40188 1.215e-28
0.40216 1.2573e-28
0.40244 1.3011e-28
0.40272 1.3464e-28
0.403 1.3932e-28
0.40327 1.4416e-28
0.40355 1.4917e-28
0.40383 1.5434e-28
0.40411 1.597e-28
0.40439 1.6523e-28
0.40467 1.7095e-28
0.40495 1.7687e-28
0.40523 1.8298e-28
0.40551 1.893e-28
0.40579 1.9584e-28
0.40607 2.026e-28
0.40635 2.0958e-28
0.40663 2.168e-28
0.40691 2.2426e-28
0.40719 2.3198e-28
0.40747 2.3995e-28
0.40776 2.482e-28
0.40804 2.5672e-28
0.40832 2.6552e-28
0.4086 2.7462e-28
0.40888 2.8403e-28
0.40917 2.9375e-28
0.40945 3.038e-28
0.40973 3.1418e-28
0.41002 3.2491e-28
0.4103 3.36e-28
0.41058 3.4746e-28
0.41087 3.593e-28
0.41115 3.7153e-28
0.41143 3.8417e-28
0.41172 3.9724e-28
0.412 4.1074e-28
0.41229 4.2468e-28
0.41257 4.3909e-28
0.41286 4.5398e-28
0.41314 4.6936e-28
0.41343 4.8525e-28
0.41371 5.0167e-28
0.414 5.1863e-28
0.41429 5.3615e-28
0.41457 5.5425e-28
0.41486 5.7295e-28
0.41515 5.9226e-28
0.41543 6.1221e-28
0.41572 6.3282e-28
0.41601 6.5411e-28
0.41629 6.7609e-28
0.41658 6.988e-28
0.41687 7.2226e-28
0.41716 7.4648e-28
0.41745 7.715e-28
0.41773 7.9734e-28
0.41802 8.2402e-28
0.41831 8.5158e-28
0.4186 8.8004e-28
0.41889 9.0943e-28
0.41918 9.3978e-28
0.41947 9.7111e-28
0.41976 1.0035e-27
0.42005 1.0369e-27
0.42034 1.0714e-27
0.42063 1.107e-27
0.42092 1.1438e-27
0.42121 1.1818e-27
0.4215 1.221e-27
0.42179 1.2615e-27
0.42209 1.3032e-27
0.42238 1.3464e-27
0.42267 1.3909e-27
0.42296 1.4369e-27
0.42325 1.4844e-27
0.42355 1.5334e-27
0.42384 1.5839e-27
0.42413 1.6362e-27
0.42442 1.69e-27
0.42472 1.7457e-27
0.42501 1.8031e-27
0.4253 1.8624e-27
0.4256 1.9235e-27
0.42589 1.9866e-27
0.42619 2.0518e-27
0.42648 2.119e-27
0.42678 2.1884e-27
0.42707 2.26e-27
0.42737 2.3339e-27
0.42766 2.4102e-27
0.42796 2.4889e-27
0.42825 2.5701e-27
0.42855 2.6539e-27
0.42884 2.7404e-27
0.42914 2.8296e-27
0.42944 2.9217e-27
0.42973 3.0167e-27
0.43003 3.1147e-27
0.43033 3.2158e-27
0.43063 3.3201e-27
0.43092 3.4277e-27
0.43122 3.5387e-27
0.43152 3.6533e-27
0.43182 3.7715e-27
0.43212 3.8934e-27
0.43241 4.0191e-27
0.43271 4.1488e-27
0.43301 4.2827e-27
0.43331 4.4207e-27
0.43361 4.5631e-27
0.43391 4.7099e-27
0.43421 4.8614e-27
0.43451 5.0176e-27
0.43481 5.1787e-27
0.43511 5.3449e-27
0.43541 5.5163e-27
0.43571 5.6931e-27
0.43601 5.8754e-27
0.43631 6.0634e-27
0.43662 6.2572e-27
0.43692 6.4571e-27
0.43722 6.6633e-27
0.43752 6.8759e-27
0.43782 7.0951e-27
0.43813 7.3211e-27
0.43843 7.5542e-27
0.43873 7.7945e-27
0.43904 8.0423e-27
0.43934 8.2978e-27
0.43964 8.5611e-27
0.43995 8.8327e-27
0.44025 9.1127e-27
0.44055 9.4013e-27
0.44086 9.6989e-27
0.44116 1.0006e-26
0.44147 1.0322e-26
0.44177 1.0648e-26
0.44208 1.0984e-26
0.44238 1.133e-26
0.44269 1.1687e-26
0.443 1.2055e-26
0.4433 1.2435e-26
0.44361 1.2826e-26
0.44392 1.3229e-26
0.44422 1.3644e-26
0.44453 1.4072e-26
0.44484 1.4513e-26
0.44514 1.4968e-26
0.44545 1.5437e-26
0.44576 1.592e-26
0.44607 1.6417e-26
0.44638 1.693e-26
0.44668 1.7459e-26
0.44699 1.8003e-26
0.4473 1.8565e-26
0.44761 1.9143e-26
0.44792 1.9739e-26
0.44823 2.0353e-26
0.44854 2.0985e-26
0.44885 2.1637e-26
0.44916 2.2309e-26
0.44947 2.3001e-26
0.44978 2.3713e-26
0.45009 2.4448e-26
0.4504 2.5204e-26
0.45071 2.5984e-26
0.45102 2.6787e-26
0.45134 2.7614e-26
0.45165 2.8466e-26
0.45196 2.9344e-26
0.45227 3.0248e-26
0.45258 3.1179e-26
0.4529 3.2139e-26
0.45321 3.3127e-26
0.45352 3.4145e-26
0.45384 3.5193e-26
0.45415 3.6273e-26
0.45446 3.7385e-26
0.45478 3.853e-26
0.45509 3.9709e-26
0.45541 4.0924e-26
0.45572 4.2175e-26
0.45604 4.3463e-26
0.45635 4.479e-26
0.45667 4.6156e-26
0.45698 4.7563e-26
0.4573 4.9012e-26
0.45761 5.0503e-26
0.45793 5.2039e-26
0.45825 5.3621e-26
0.45856 5.5249e-26
0.45888 5.6926e-26
0.4592 5.8652e-26
0.45952 6.0429e-26
0.45983 6.2259e-26
0.46015 6.4143e-26
0.46047 6.6083e-26
0.46079 6.8079e-26
0.46111 7.0135e-26
0.46142 7.2251e-26
0.46174 7.4429e-26
0.46206 7.6672e-26
0.46238 7.898e-26
0.4627 8.1356e-26
0.46302 8.3802e-26
0.46334 8.6319e-26
0.46366 8.891e-26
0.46398 9.1577e-26
0.4643 9.4322e-26
0.46462 9.7148e-26
0.46494 1.0006e-25
0.46526 1.0305e-25
0.46559 1.0613e-25
0.46591 1.093e-25
0.46623 1.1256e-25
0.46655 1.1592e-25
0.46687 1.1937e-25
0.4672 1.2293e-25
0.46752 1.2658e-25
0.46784 1.3035e-25
0.46817 1.3422e-25
0.46849 1.3821e-25
0.46881 1.4231e-25
0.46914 1.4653e-25
0.46946 1.5087e-25
0.46979 1.5534e-25
0.47011 1.5993e-25
0.47044 1.6466e-25
0.47076 1.6952e-25
0.47109 1.7453e-25
0.47141 1.7968e-25
0.47174 1.8497e-25
0.47206 1.9042e-25
0.47239 1.9603e-25
0.47272 2.0179e-25
0.47304 2.0773e-25
0.47337 2.1383e-25
0.4737 2.201e-25
0.47402 2.2656e-25
0.47435 2.332e-25
0.47468 2.4003e-25
0.47501 2.4705e-25
0.47534 2.5428e-25
0.47566 2.6171e-25
0.47599 2.6935e-25
0.47632 2.7721e-25
0.47665 2.8529e-25
0.47698 2.9361e-25
0.47731 3.0216e-25
0.47764 3.1095e-25
0.47797 3.1999e-25
0.4783 3.2929e-25
0.47863 3.3885e-25
0.47896 3.4868e-25
0.47929 3.5878e-25
0.47962 3.6918e-25
0.47995 3.7986e-25
0.48029 3.9085e-25
0.48062 4.0215e-25
0.48095 4.1377e-25
0.48128 4.2571e-25
0.48161 4.3799e-25
0.48195 4.5061e-25
0.48228 4.6359e-25
0.48261 4.7694e-25
0.48295 4.9065e-25
0.48328 5.0475e-25
0.48362 5.1925e-25
0.48395 5.3415e-25
0.48428 5.4947e-25
0.48462 5.6521e-25
0.48495 5.814e-25
0.48529 5.9803e-25
0.48562 6.1513e-25
0.48596 6.3271e-25
0.4863 6.5078e-25
0.48663 6.6934e-25
0.48697 6.8843e-25
0.4873 7.0804e-25
0.48764 7.282e-25
0.48798 7.4891e-25
0.48831 7.702e-25
0.48865 7.9208e-25
0.48899 8.1457e-25
0.48933 8.3767e-25
0.48967 8.6142e-25
0.49 8.8582e-25
0.49034 9.1089e-25
0.49068 9.3665e-25
0.49102 9.6312e-25
0.49136 9.9032e-25
0.4917 1.0183e-24
0.49204 1.047e-24
0.49238 1.0765e-24
0.49272 1.1068e-24
0.49306 1.138e-24
0.4934 1.17e-24
0.49374 1.2028e-24
0.49408 1.2366e-24
0.49442 1.2713e-24
0.49477 1.3069e-24
0.49511 1.3436e-24
0.49545 1.3812e-24
0.49579 1.4198e-24
0.49614 1.4595e-24
0.49648 1.5003e-24
0.49682 1.5422e-24
0.49716 1.5852e-24
0.49751 1.6294e-24
0.49785 1.6748e-24
0.4982 1.7214e-24
0.49854 1.7693e-24
0.49888 1.8184e-24
0.49923 1.8689e-24
0.49957 1.9208e-24
0.49992 1.9741e-24
0.50026 2.0288e-24
0.50061 2.085e-24
0.50096 2.1427e-24
0.5013 2.2019e-24
0.50165 2.2628e-24
0.502 2.3253e-24
0.50234 2.3894e-24
0.50269 2.4553e-24
0.50304 2.523e-24
0.50338 2.5924e-24
0.50373 2.6638e-24
0.50408 2.737e-24
0.50443 2.8122e-24
0.50478 2.8894e-24
0.50513 2.9686e-24
0.50548 3.05e-24
0.50582 3.1336e-24
0.50617 3.2194e-24
0.50652 3.3074e-24
0.50687 3.3978e-24
0.50722 3.4906e-24
0.50757 3.5859e-24
0.50793 3.6837e-24
0.50828 3.7841e-24
0.50863 3.8872e-24
0.50898 3.993e-24
0.50933 4.1015e-24
0.50968 4.213e-24
0.51004 4.3274e-24
0.51039 4.4448e-24
0.51074 4.5654e-24
0.51109 4.6891e-24
0.51145 4.816e-24
0.5118 4.9463e-24
0.51215 5.0801e-24
0.51251 5.2173e-24
0.51286 5.3582e-24
0.51322 5.5027e-24
0.51357 5.6511e-24
0.51393 5.8033e-24
0.51428 5.9595e-24
0.51464 6.1199e-24
0.51499 6.2844e-24
0.51535 6.4532e-24
0.5157 6.6264e-24
0.51606 6.8041e-24
0.51642 6.9865e-24
0.51677 7.1736e-24
0.51713 7.3656e-24
0.51749 7.5626e-24
0.51785 7.7647e-24
0.5182 7.972e-24
0.51856 8.1848e-24
0.51892 8.403e-24
0.51928 8.6269e-24
0.51964 8.8566e-24
0.52 9.0923e-24
0.52036 9.3341e-24
0.52071 9.5821e-24
0.52107 9.8365e-24
0.52143 1.0097e-23
0.5218 1.0365e-23
0.52216 1.064e-23
0.52252 1.0921e-23
0.52288 1.121e-23
0.52324 1.1507e-23
0.5236 1.1811e-23
0.52396 1.2122e-23
0.52432 1.2442e-23
0.52469 1.277e-23
0.52505 1.3106e-23
0.52541 1.3451e-23
0.52578 1.3805e-23
0.52614 1.4168e-23
0.5265 1.454e-23
0.52687 1.4922e-23
0.52723 1.5313e-23
0.52759 1.5714e-23
0.52796 1.6126e-23
0.52832 1.6548e-23
0.52869 1.698e-23
0.52905 1.7424e-23
0.52942 1.7879e-23
0.52979 1.8345e-23
0.53015 1.8824e-23
0.53052 1.9314e-23
0.53088 1.9817e-23
0.53125 2.0332e-23
0.53162 2.0861e-23
0.53199 2.1403e-23
0.53235 2.1958e-23
0.53272 2.2528e-23
0.53309 2.3112e-23
0.53346 2.371e-23
0.53383 2.4324e-23
0.5342 2.4953e-23
0.53456 2.5598e-23
0.53493 2.6259e-23
0.5353 2.6937e-23
0.53567 2.7632e-23
0.53604 2.8344e-23
0.53641 2.9073e-23
0.53678 2.9822e-23
0.53716 3.0588e-23
0.53753 3.1374e-23
0.5379 3.218e-23
0.53827 3.3006e-23
0.53864 3.3852e-23
0.53901 3.4719e-23
0.53939 3.5608e-23
0.53976 3.6519e-23
0.54013 3.7452e-23
0.54051 3.8409e-23
0.54088 3.939e-23
0.54125 4.0394e-23
0.54163 4.1424e-23
0.542 4.2479e-23
0.54238 4.356e-23
0.54275 4.4668e-23
0.54313 4.5803e-23
0.5435 4.6967e-23
0.54388 4.8159e-23
0.54425 4.938e-23
0.54463 5.0631e-23
0.545 5.1913e-23
0.54538 5.3227e-23
0.54576 5.4573e-23
0.54613 5.5952e-23
0.54651 5.7365e-23
0.54689 5.8812e-23
0.54727 6.0295e-23
0.54765 6.1814e-23
0.54802 6.337e-23
0.5484 6.4964e-23
0.54878 6.6598e-23
0.54916 6.8271e-23
0.54954 6.9984e-23
0.54992 7.174e-23
0.5503 7.3538e-23
0.55068 7.538e-23
0.55106 7.7267e-23
0.55144 7.9199e-23
0.55182 8.1179e-23
0.5522 8.3206e-23
0.55259 8.5283e-23
0.55297 8.741e-23
0.55335 8.9588e-23
0.55373 9.1819e-23
0.55412 9.4104e-23
0.5545 9.6444e-23
0.55488 9.884e-23
0.55526 1.0129e-22
0.55565 1.0381e-22
0.55603 1.0638e-22
0.55642 1.0902e-22
0.5568 1.1172e-22
0.55719 1.1448e-22
0.55757 1.1731e-22
0.55796 1.2021e-22
0.55834 1.2317e-22
0.55873 1.2621e-22
0.55911 1.2932e-22
0.5595 1.3251e-22
0.55989 1.3577e-22
0.56027 1.3911e-22
0.56066 1.4253e-22
0.56105 1.4603e-22
0.56144 1.4961e-22
0.56182 1.5328e-22
0.56221 1.5704e-22
0.5626 1.6089e-22
0.56299 1.6482e-22
0.56338 1.6885e-22
0.56377 1.7298e-22
0.56416 1.772e-22
0.56455 1.8153e-22
0.56494 1.8595e-22
0.56533 1.9048e-22
0.56572 1.9512e-22
0.56611 1.9987e-22
0.5665 2.0472e-22
0.56689 2.097e-22
0.56728 2.1479e-22
0.56768 2.2e-22
0.56807 2.2533e-22
0.56846 2.3079e-22
0.56885 2.3638e-22
0.56925 2.4209e-22
0.56964 2.4794e-22
0.57003 2.5393e-22
0.57043 2.6006e-22
0.57082 2.6633e-22
0.57122 2.7275e-22
0.57161 2.7932e-22
0.57201 2.8604e-22
0.5724 2.9292e-22
0.5728 2.9996e-22
0.57319 3.0716e-22
0.57359 3.1453e-22
0.57398 3.2207e-22
0.57438 3.2978e-22
0.57478 3.3768e-22
0.57517 3.4576e-22
0.57557 3.5402e-22
0.57597 3.6248e-22
0.57637 3.7113e-22
0.57677 3.7999e-22
0.57717 3.8904e-22
0.57756 3.9831e-22
0.57796 4.0779e-22
0.57836 4.1749e-22
0.57876 4.2741e-22
0.57916 4.3756e-22
0.57956 4.4795e-22
0.57996 4.5857e-22
0.58036 4.6944e-22
0.58076 4.8055e-22
0.58117 4.9192e-22
0.58157 5.0356e-22
0.58197 5.1545e-22
0.58237 5.2762e-22
0.58277 5.4007e-22
0.58318 5.5281e-22
0.58358 5.6583e-22
0.58398 5.7915e-22
0.58439 5.9278e-22
0.58479 6.0671e-22
0.58519 6.2096e-22
0.5856 6.3554e-22
0.586 6.5045e-22
0.58641 6.6569e-22
0.58681 6.8128e-22
0.58722 6.9723e-22
0.58762 7.1354e-22
0.58803 7.3021e-22
0.58844 7.4727e-22
0.58884 7.647e-22
0.58925 7.8254e-22
0.58966 8.0077e-22
0.59007 8.1942e-22
0.59047 8.3849e-22
0.59088 8.5798e-22
0.59129 8.7792e-22
0.5917 8.983e-22
0.59211 9.1914e-22
0.59252 9.4045e-22
0.59293 9.6224e-22
0.59334 9.8452e-22
0.59375 1.0073e-21
0.59416 1.0306e-21
0.59457 1.0544e-21
0.59498 1.0787e-21
0.59539 1.1036e-21
0.5958 1.129e-21
0.59621 1.155e-21
0.59662 1.1816e-21
0.59704 1.2088e-21
0.59745 1.2366e-21
0.59786 1.265e-21
0.59827 1.294e-21
0.59869 1.3237e-21
0.5991 1.354e-21
0.59951 1.385e-21
0.59993 1.4167e-21
0.60034 1.4491e-21
0.60076 1.4822e-21
0.60117 1.516e-21
0.60159 1.5506e-21
0.602 1.586e-21
0.60242 1.6221e-21
0.60284 1.659e-21
0.60325 1.6968e-21
0.60367 1.7354e-21
0.60409 1.7748e-21
0.60451 1.8151e-21
0.60492 1.8562e-21
0.60534 1.8983e-21
0.60576 1.9413e-21
0.60618 1.9852e-21
0.6066 2.0301e-21
0.60702 2.076e-21
0.60744 2.1229e-21
0.60786 2.1708e-21
0.60828 2.2197e-21
0.6087 2.2697e-21
0.60912 2.3209e-21
0.60954 2.3731e-21
0.60996 2.4264e-21
0.61038 2.4809e-21
0.6108 2.5366e-21
0.61122 2.5935e-21
0.61165 2.6517e-21
0.61207 2.7111e-21
0.61249 2.7718e-21
0.61291 2.8338e-21
0.61334 2.8971e-21
0.61376 2.9618e-21
0.61419 3.0279e-21
0.61461 3.0955e-21
0.61504 3.1645e-21
0.61546 3.2349e-21
0.61589 3.3069e-21
0.61631 3.3805e-21
0.61674 3.4556e-21
0.61716 3.5323e-21
0.61759 3.6107e-21
0.61802 3.6908e-21
0.61844 3.7725e-21
0.61887 3.8561e-21
0.6193 3.9414e-21
0.61973 4.0285e-21
0.62015 4.1175e-21
0.62058 4.2084e-21
0.62101 4.3012e-21
0.62144 4.3961e-21
0.62187 4.4929e-21
0.6223 4.5918e-21
0.62273 4.6928e-21
0.62316 4.7959e-21
0.62359 4.9013e-21
0.62402 5.0088e-21
0.62445 5.1187e-21
0.62488 5.2309e-21
0.62532 5.3454e-21
0.62575 5.4624e-21
0.62618 5.5818e-21
0.62661 5.7038e-21
0.62705 5.8283e-21
0.62748 5.9555e-21
0.62791 6.0854e-21
0.62835 6.2179e-21
0.62878 6.3533e-21
0.62922 6.4915e-21
0.62965 6.6327e-21
0.63009 6.7767e-21
0.63052 6.9239e-21
0.63096 7.074e-21
0.63139 7.2274e-21
0.63183 7.3839e-21
0.63227 7.5437e-21
0.6327 7.7069e-21
0.63314 7.8735e-21
0.63358 8.0435e-21
0.63402 8.2171e-21
0.63445 8.3943e-21
0.63489 8.5752e-21
0.63533 8.7598e-21
0.63577 8.9483e-21
0.63621 9.1407e-21
0.63665 9.3371e-21
0.63709 9.5376e-21
0.63753 9.7422e-21
0.63797 9.9511e-21
0.63841 1.0164e-20
0.63885 1.0382e-20
0.63929 1.0604e-20
0.63973 1.0831e-20
0.64018 1.1062e-20
0.64062 1.1298e-20
0.64106 1.1539e-20
0.6415 1.1785e-20
0.64195 1.2036e-20
0.64239 1.2292e-20
0.64284 1.2554e-20
0.64328 1.282e-20
0.64372 1.3093e-20
0.64417 1.3371e-20
0.64461 1.3654e-20
0.64506 1.3943e-20
0.64551 1.4239e-20
0.64595 1.454e-20
0.6464 1.4847e-20
0.64684 1.5161e-20
0.64729 1.5481e-20
0.64774 1.5808e-20
0.64819 1.6141e-20
0.64863 1.6481e-20
0.64908 1.6828e-20
0.64953 1.7182e-20
0.64998 1.7543e-20
0.65043 1.7911e-20
0.65088 1.8287e-20
0.65133 1.8671e-20
0.65178 1.9062e-20
0.65223 1.9461e-20
0.65268 1.9869e-20
0.65313 2.0284e-20
0.65358 2.0708e-20
0.65403 2.114e-20
0.65449 2.1582e-20
0.65494 2.2032e-20
0.65539 2.2491e-20
0.65584 2.2959e-20
0.6563 2.3436e-20
0.65675 2.3924e-20
0.6572 2.4421e-20
0.65766 2.4928e-20
0.65811 2.5445e-20
0.65857 2.5972e-20
0.65902 2.651e-20
0.65948 2.7059e-20
0.65993 2.7619e-20
0.66039 2.8189e-20
0.66085 2.8772e-20
0.6613 2.9365e-20
0.66176 2.9971e-20
0.66222 3.0589e-20
0.66267 3.1218e-20
0.66313 3.1861e-20
0.66359 3.2516e-20
0.66405 3.3184e-20
0.66451 3.3865e-20
0.66497 3.456e-20
0.66543 3.5269e-20
0.66589 3.5991e-20
0.66635 3.6728e-20
0.66681 3.7479e-20
0.66727 3.8246e-20
0.66773 3.9027e-20
0.66819 3.9823e-20
0.66865 4.0636e-20
0.66911 4.1464e-20
0.66958 4.2308e-20
0.67004 4.3169e-20
0.6705 4.4047e-20
0.67097 4.4943e-20
0.67143 4.5855e-20
0.67189 4.6786e-20
0.67236 4.7734e-20
0.67282 4.8702e-20
0.67329 4.9688e-20
0.67375 5.0693e-20
0.67422 5.1718e-20
0.67468 5.2763e-20
0.67515 5.3828e-20
0.67562 5.4914e-20
0.67608 5.6021e-20
0.67655 5.7149e-20
0.67702 5.83e-20
0.67749 5.9472e-20
0.67795 6.0668e-20
0.67842 6.1886e-20
0.67889 6.3128e-20
0.67936 6.4395e-20
0.67983 6.5685e-20
0.6803 6.7e-20
0.68077 6.8341e-20
0.68124 6.9708e-20
0.68171 7.1101e-20
0.68218 7.252e-20
0.68265 7.3967e-20
0.68312 7.5442e-20
0.6836 7.6945e-20
0.68407 7.8477e-20
0.68454 8.0038e-20
0.68501 8.163e-20
0.68549 8.3251e-20
0.68596 8.4904e-20
0.68644 8.6588e-20
0.68691 8.8304e-20
0.68738 9.0053e-20
0.68786 9.1835e-20
0.68834 9.3652e-20
0.68881 9.5503e-20
0.68929 9.7389e-20
0.68976 9.9311e-20
0.69024 1.0127e-19
0.69072 1.0326e-19
0.69119 1.053e-19
0.69167 1.0737e-19
0.69215 1.0948e-19
0.69263 1.1163e-19
0.69311 1.1382e-19
0.69359 1.1606e-19
0.69406 1.1833e-19
0.69454 1.2065e-19
0.69502 1.2301e-19
0.6955 1.2542e-19
0.69599 1.2787e-19
0.69647 1.3037e-19
0.69695 1.3291e-19
0.69743 1.355e-19
0.69791 1.3814e-19
0.69839 1.4083e-19
0.69888 1.4358e-19
0.69936 1.4637e-19
0.69984 1.4921e-19
0.70033 1.5211e-19
0.70081 1.5506e-19
0.70129 1.5807e-19
0.70178 1.6113e-19
0.70226 1.6425e-19
0.70275 1.6743e-19
0.70323 1.7066e-19
0.70372 1.7396e-19
0.70421 1.7732e-19
0.70469 1.8074e-19
0.70518 1.8422e-19
0.70567 1.8777e-19
0.70615 1.9138e-19
0.70664 1.9507e-19
0.70713 1.9881e-19
0.70762 2.0263e-19
0.70811 2.0652e-19
0.7086 2.1048e-19
0.70909 2.1452e-19
0.70958 2.1862e-19
0.71007 2.2281e-19
0.71056 2.2707e-19
0.71105 2.314e-19
0.71154 2.3582e-19
0.71203 2.4032e-19
0.71252 2.449e-19
0.71302 2.4957e-19
0.71351 2.5432e-19
0.714 2.5916e-19
0.7145 2.6408e-19
0.71499 2.691e-19
0.71548 2.7421e-19
0.71598 2.7941e-19
0.71647 2.847e-19
0.71697 2.9009e-19
0.71746 2.9558e-19
0.71796 3.0117e-19
0.71846 3.0686e-19
0.71895 3.1266e-19
0.71945 3.1856e-19
0.71995 3.2456e-19
0.72044 3.3068e-19
0.72094 3.3691e-19
0.72144 3.4324e-19
0.72194 3.497e-19
0.72244 3.5627e-19
0.72294 3.6295e-19
0.72344 3.6976e-19
0.72394 3.7669e-19
0.72444 3.8375e-19
0.72494 3.9093e-19
0.72544 3.9824e-19
0.72594 4.0568e-19
0.72644 4.1326e-19
0.72694 4.2097e-19
0.72744 4.2882e-19
0.72795 4.3681e-19
0.72845 4.4495e-19
0.72895 4.5323e-19
0.72946 4.6165e-19
0.72996 4.7023e-19
0.73047 4.7896e-19
0.73097 4.8785e-19
0.73148 4.9689e-19
0.73198 5.0609e-19
0.73249 5.1546e-19
0.73299 5.25e-19
0.7335 5.347e-19
0.73401 5.4458e-19
0.73451 5.5463e-19
0.73502 5.6486e-19
0.73553 5.7527e-19
0.73604 5.8586e-19
0.73655 5.9664e-19
0.73706 6.0761e-19
0.73756 6.1878e-19
0.73807 6.3014e-19
0.73858 6.417e-19
0.73909 6.5347e-19
0.73961 6.6544e-19
0.74012 6.7762e-19
0.74063 6.9002e-19
0.74114 7.0263e-19
0.74165 7.1547e-19
0.74216 7.2853e-19
0.74268 7.4182e-19
0.74319 7.5534e-19
0.7437 7.6909e-19
0.74422 7.8309e-19
0.74473 7.9733e-19
0.74525 8.1182e-19
0.74576 8.2657e-19
0.74628 8.4156e-19
0.74679 8.5682e-19
0.74731 8.7235e-19
0.74783 8.8815e-19
0.74834 9.0421e-19
0.74886 9.2056e-19
0.74938 9.3719e-19
0.74989 9.5411e-19
0.75041 9.7132e-19
0.75093 9.8883e-19
0.75145 1.0066e-18
0.75197 1.0248e-18
0.75249 1.0432e-18
0.75301 1.0619e-18
0.75353 1.081e-18
0.75405 1.1004e-18
0.75457 1.1202e-18
0.75509 1.1402e-18
0.75561 1.1606e-18
0.75614 1.1814e-18
0.75666 1.2025e-18
0.75718 1.224e-18
0.7577 1.2459e-18
0.75823 1.2681e-18
0.75875 1.2907e-18
0.75928 1.3137e-18
0.7598 1.3371e-18
0.76033 1.3609e-18
0.76085 1.3851e-18
0.76138 1.4097e-18
0.7619 1.4347e-18
0.76243 1.4601e-18
0.76296 1.486e-18
0.76348 1.5123e-18
0.76401 1.5391e-18
0.76454 1.5663e-18
0.76507 1.594e-18
0.7656 1.6221e-18
0.76613 1.6508e-18
0.76666 1.6799e-18
0.76718 1.7095e-18
0.76771 1.7396e-18
0.76825 1.7702e-18
0.76878 1.8013e-18
0.76931 1.8329e-18
0.76984 1.8651e-18
0.77037 1.8978e-18
0.7709 1.9311e-18
0.77144 1.9649e-18
0.77197 1.9993e-18
0.7725 2.0343e-18
0.77304 2.0698e-18
0.77357 2.106e-18
0.77411 2.1427e-18
0.77464 2.1801e-18
0.77518 2.2181e-18
0.77571 2.2567e-18
0.77625 2.2959e-18
0.77678 2.3359e-18
0.77732 2.3764e-18
0.77786 2.4177e-18
0.77839 2.4596e-18
0.77893 2.5023e-18
0.77947 2.5456e-18
0.78001 2.5897e-18
0.78055 2.6345e-18
0.78109 2.68e-18
0.78163 2.7263e-18
0.78217 2.7733e-18
0.78271 2.8212e-18
0.78325 2.8698e-18
0.78379 2.9192e-18
0.78433 2.9694e-18
0.78487 3.0205e-18
0.78542 3.0724e-18
0.78596 3.1251e-18
0.7865 3.1787e-18
0.78705 3.2332e-18
0.78759 3.2886e-18
0.78813 3.3449e-18
0.78868 3.4021e-18
0.78922 3.4603e-18
0.78977 3.5194e-18
0.79031 3.5795e-18
0.79086 3.6405e-18
0.79141 3.7026e-18
0.79195 3.7656e-18
0.7925 3.8297e-18
0.79305 3.8948e-18
0.7936 3.961e-18
0.79415 4.0283e-18
0.79469 4.0966e-18
0.79524 4.1661e-18
0.79579 4.2366e-18
0.79634 4.3084e-18
0.79689 4.3813e-18
0.79744 4.4553e-18
0.79799 4.5306e-18
0.79855 4.6071e-18
0.7991 4.6848e-18
0.79965 4.7637e-18
0.8002 4.844e-18
0.80076 4.9255e-18
0.80131 5.0083e-18
0.80186 5.0925e-18
0.80242 5.178e-18
0.80297 5.2649e-18
0.80353 5.3532e-18
0.80408 5.4428e-18
0.80464 5.534e-18
0.80519 5.6266e-18
0.80575 5.7206e-18
0.80631 5.8162e-18
0.80686 5.9133e-18
0.80742 6.0119e-18
0.80798 6.1121e-18
0.80854 6.2139e-18
0.8091 6.3174e-18
0.80965 6.4224e-18
0.81021 6.5292e-18
0.81077 6.6376e-18
0.81133 6.7477e-18
0.8119 6.8596e-18
0.81246 6.9733e-18
0.81302 7.0888e-18
0.81358 7.206e-18
0.81414 7.3252e-18
0.8147 7.4462e-18
0.81527 7.5691e-18
0.81583 7.694e-18
0.81639 7.8208e-18
0.81696 7.9497e-18
0.81752 8.0805e-18
0.81809 8.2134e-18
0.81865 8.3484e-18
0.81922 8.4855e-18
0.81979 8.6248e-18
0.82035 8.7662e-18
0.82092 8.9099e-18
0.82149 9.0558e-18
0.82205 9.204e-18
0.82262 9.3544e-18
0.82319 9.5073e-18
0.82376 9.6625e-18
0.82433 9.8201e-18
0.8249 9.9802e-18
0.82547 1.0143e-17
0.82604 1.0308e-17
0.82661 1.0476e-17
0.82718 1.0646e-17
0.82775 1.0819e-17
0.82832 1.0994e-17
0.8289 1.1173e-17
0.82947 1.1354e-17
0.83004 1.1538e-17
0.83062 1.1724e-17
0.83119 1.1914e-17
0.83176 1.2106e-17
0.83234 1.2302e-17
0.83291 1.25e-17
0.83349 1.2702e-17
0.83407 1.2906e-17
0.83464 1.3114e-17
0.83522 1.3325e-17
0.8358 1.3539e-17
0.83637 1.3757e-17
0.83695 1.3978e-17
0.83753 1.4202e-17
0.83811 1.4429e-17
0.83869 1.4661e-17
0.83927 1.4895e-17
0.83985 1.5133e-17
0.84043 1.5375e-17
0.84101 1.5621e-17
0.84159 1.587e-17
0.84217 1.6123e-17
0.84275 1.638e-17
0.84333 1.6641e-17
0.84392 1.6905e-17
0.8445 1.7174e-17
0.84508 1.7447e-17
0.84567 1.7724e-17
0.84625 1.8005e-17
0.84684 1.829e-17
0.84742 1.858e-17
0.84801 1.8874e-17
0.84859 1.9172e-17
0.84918 1.9475e-17
0.84977 1.9783e-17
0.85035 2.0095e-17
0.85094 2.0412e-17
0.85153 2.0734e-17
0.85212 2.106e-17
0.85271 2.1391e-17
0.8533 2.1728e-17
0.85389 2.2069e-17
0.85448 2.2415e-17
0.85507 2.2767e-17
0.85566 2.3124e-17
0.85625 2.3486e-17
0.85684 2.3853e-17
0.85743 2.4227e-17
0.85803 2.4605e-17
0.85862 2.4989e-17
0.85921 2.5379e-17
0.85981 2.5775e-17
0.8604 2.6177e-17
0.86099 2.6584e-17
0.86159 2.6998e-17
0.86218 2.7417e-17
0.86278 2.7843e-17
0.86338 2.8276e-17
0.86397 2.8714e-17
0.86457 2.9159e-17
0.86517 2.9611e-17
0.86576 3.0069e-17
0.86636 3.0534e-17
0.86696 3.1006e-17
0.86756 3.1485e-17
0.86816 3.1971e-17
0.86876 3.2464e-17
0.86936 3.2964e-17
0.86996 3.3472e-17
0.87056 3.3987e-17
0.87116 3.4509e-17
0.87177 3.5039e-17
0.87237 3.5577e-17
0.87297 3.6123e-17
0.87357 3.6677e-17
0.87418 3.7238e-17
0.87478 3.7808e-17
0.87539 3.8386e-17
0.87599 3.8973e-17
0.8766 3.9568e-17
0.8772 4.0172e-17
0.87781 4.0785e-17
0.87842 4.1406e-17
0.87902 4.2037e-17
0.87963 4.2676e-17
0.88024 4.3325e-17
0.88085 4.3983e-17
0.88145 4.4651e-17
0.88206 4.5328e-17
0.88267 4.6015e-17
0.88328 4.6712e-17
0.88389 4.7419e-17
0.8845 4.8137e-17
0.88512 4.8864e-17
0.88573 4.9602e-17
0.88634 5.0351e-17
0.88695 5.111e-17
0.88756 5.188e-17
0.88818 5.2661e-17
0.88879 5.3453e-17
0.88941 5.4257e-17
0.89002 5.5072e-17
0.89064 5.5899e-17
0.89125 5.6738e-17
0.89187 5.7588e-17
0.89248 5.8451e-17
0.8931 5.9326e-17
0.89372 6.0213e-17
0.89433 6.1113e-17
0.89495 6.2025e-17
0.89557 6.2951e-17
0.89619 6.389e-17
0.89681 6.4842e-17
0.89743 6.5807e-17
0.89805 6.6786e-17
0.89867 6.7779e-17
0.89929 6.8786e-17
0.89991 6.9808e-17
0.90053 7.0843e-17
0.90116 7.1893e-17
0.90178 7.2958e-17
0.9024 7.4038e-17
0.90303 7.5133e-17
0.90365 7.6244e-17
0.90427 7.737e-17
0.9049 7.8511e-17
0.90552 7.9669e-17
0.90615 8.0843e-17
0.90678 8.2033e-17
0.9074 8.324e-17
0.90803 8.4464e-17
0.90866 8.5705e-17
0.90928 8.6963e-17
0.90991 8.8239e-17
0.91054 8.9533e-17
0.91117 9.0844e-17
0.9118 9.2174e-17
0.91243 9.3522e-17
0.91306 9.4889e-17
0.91369 9.6274e-17
0.91432 9.7679e-17
0.91496 9.9104e-17
0.91559 1.0055e-16
0.91622 1.0201e-16
0.91685 1.035e-16
0.91749 1.05e-16
0.91812 1.0653e-16
0.91876 1.0807e-16
0.91939 1.0964e-16
0.92003 1.1123e-16
0.92066 1.1284e-16
0.9213 1.1447e-16
0.92193 1.1613e-16
0.92257 1.1781e-16
0.92321 1.1951e-16
0.92385 1.2123e-16
0.92449 1.2298e-16
0.92512 1.2475e-16
0.92576 1.2655e-16
0.9264 1.2837e-16
0.92704 1.3022e-16
0.92768 1.3209e-16
0.92832 1.3398e-16
0.92897 1.3591e-16
0.92961 1.3785e-16
0.93025 1.3983e-16
0.93089 1.4183e-16
0.93154 1.4386e-16
0.93218 1.4592e-16
0.93282 1.48e-16
0.93347 1.5011e-16
0.93411 1.5225e-16
0.93476 1.5442e-16
0.93541 1.5662e-16
0.93605 1.5885e-16
0.9367 1.6111e-16
0.93735 1.634e-16
0.93799 1.6571e-16
0.93864 1.6807e-16
0.93929 1.7045e-16
0.93994 1.7286e-16
0.94059 1.7531e-16
0.94124 1.7779e-16
0.94189 1.803e-16
0.94254 1.8285e-16
0.94319 1.8543e-16
0.94384 1.8804e-16
0.9445 1.9069e-16
0.94515 1.9338e-16
0.9458 1.961e-16
0.94646 1.9885e-16
0.94711 2.0165e-16
0.94776 2.0448e-16
0.94842 2.0735e-16
0.94907 2.1025e-16
0.94973 2.132e-16
0.95039 2.1618e-16
0.95104 2.192e-16
0.9517 2.2227e-16
0.95236 2.2537e-16
0.95302 2.2852e-16
0.95367 2.317e-16
0.95433 2.3493e-16
0.95499 2.382e-16
0.95565 2.4152e-16
0.95631 2.4487e-16
0.95697 2.4828e-16
0.95763 2.5172e-16
0.9583 2.5521e-16
0.95896 2.5875e-16
0.95962 2.6234e-16
0.96028 2.6597e-16
0.96095 2.6964e-16
0.96161 2.7337e-16
0.96228 2.7715e-16
0.96294 2.8097e-16
0.96361 2.8484e-16
0.96427 2.8877e-16
0.96494 2.9274e-16
0.96561 2.9677e-16
0.96627 3.0085e-16
0.96694 3.0498e-16
0.96761 3.0917e-16
0.96828 3.1341e-16
0.96895 3.1771e-16
0.96962 3.2206e-16
0.97029 3.2646e-16
0.97096 3.3093e-16
0.97163 3.3545e-16
0.9723 3.4003e-16
0.97297 3.4467e-16
0.97364 3.4937e-16
0.97432 3.5413e-16
0.97499 3.5895e-16
0.97566 3.6383e-16
0.97634 3.6878e-16
0.97701 3.7379e-16
0.97769 3.7886e-16
0.97836 3.84e-16
0.97904 3.892e-16
0.97972 3.9448e-16
0.98039 3.9981e-16
0.98107 4.0522e-16
0.98175 4.107e-16
0.98243 4.1624e-16
0.98311 4.2186e-16
0.98378 4.2754e-16
0.98446 4.333e-16
0.98514 4.3914e-16
0.98583 4.4504e-16
0.98651 4.5103e-16
0.98719 4.5708e-16
0.98787 4.6322e-16
0.98855 4.6943e-16
0.98924 4.7572e-16
0.98992 4.8209e-16
0.9906 4.8854e-16
0.99129 4.9508e-16
0.99197 5.0169e-16
0.99266 5.0839e-16
0.99334 5.1517e-16
0.99403 5.2204e-16
0.99472 5.2899e-16
0.99541 5.3604e-16
0.99609 5.4317e-16
0.99678 5.5038e-16
0.99747 5.5769e-16
0.99816 5.651e-16
0.99885 5.7259e-16
0.99954 5.8018e-16
1.0002 5.8786e-16
1.0009 5.9564e-16
1.0016 6.0351e-16
1.0023 6.1149e-16
1.003 6.1956e-16
1.0037 6.2773e-16
1.0044 6.3601e-16
1.0051 6.4439e-16
1.0058 6.5287e-16
1.0065 6.6145e-16
1.0072 6.7015e-16
1.0079 6.7895e-16
1.0086 6.8786e-16
1.0093 6.9688e-16
1.01 7.0601e-16
1.0106 7.1525e-16
1.0113 7.2461e-16
1.012 7.3408e-16
1.0127 7.4367e-16
1.0134 7.5338e-16
1.0141 7.6321e-16
1.0148 7.7316e-16
1.0155 7.8323e-16
1.0162 7.9342e-16
1.017 8.0374e-16
1.0177 8.1418e-16
1.0184 8.2476e-16
1.0191 8.3546e-16
1.0198 8.4629e-16
1.0205 8.5726e-16
1.0212 8.6835e-16
1.0219 8.7959e-16
1.0226 8.9096e-16
1.0233 9.0247e-16
1.024 9.1412e-16
1.0247 9.2591e-16
1.0254 9.3784e-16
1.0261 9.4992e-16
1.0268 9.6214e-16
1.0275 9.7452e-16
1.0283 9.8704e-16
1.029 9.9971e-16
1.0297 1.0125e-15
1.0304 1.0255e-15
1.0311 1.0387e-15
1.0318 1.052e-15
1.0325 1.0654e-15
1.0332 1.079e-15
1.034 1.0928e-15
1.0347 1.1068e-15
1.0354 1.1209e-15
1.0361 1.1352e-15
1.0368 1.1496e-15
1.0375 1.1642e-15
1.0382 1.179e-15
1.039 1.194e-15
1.0397 1.2092e-15
1.0404 1.2245e-15
1.0411 1.24e-15
1.0418 1.2558e-15
1.0426 1.2717e-15
1.0433 1.2877e-15
1.044 1.304e-15
1.0447 1.3205e-15
1.0454 1.3371e-15
1.0462 1.354e-15
1.0469 1.3711e-15
1.0476 1.3883e-15
1.0483 1.4058e-15
1.0491 1.4235e-15
1.0498 1.4414e-15
1.0505 1.4595e-15
1.0512 1.4778e-15
1.052 1.4963e-15
1.0527 1.515e-15
1.0534 1.534e-15
1.0541 1.5532e-15
1.0549 1.5726e-15
1.0556 1.5922e-15
1.0563 1.6121e-15
1.0571 1.6322e-15
1.0578 1.6525e-15
1.0585 1.6731e-15
1.0593 1.6939e-15
1.06 1.715e-15
1.0607 1.7363e-15
1.0615 1.7578e-15
1.0622 1.7796e-15
1.0629 1.8017e-15
1.0637 1.824e-15
1.0644 1.8466e-15
1.0651 1.8694e-15
1.0659 1.8925e-15
1.0666 1.9159e-15
1.0673 1.9395e-15
1.0681 1.9634e-15
1.0688 1.9876e-15
1.0695 2.0121e-15
1.0703 2.0368e-15
1.071 2.0619e-15
1.0718 2.0872e-15
1.0725 2.1128e-15
1.0732 2.1387e-15
1.074 2.1649e-15
1.0747 2.1914e-15
1.0755 2.2182e-15
1.0762 2.2454e-15
1.077 2.2728e-15
1.0777 2.3005e-15
1.0784 2.3286e-15
1.0792 2.357e-15
1.0799 2.3857e-15
1.0807 2.4147e-15
1.0814 2.4441e-15
1.0822 2.4738e-15
1.0829 2.5039e-15
1.0837 2.5342e-15
1.0844 2.565e-15
1.0852 2.596e-15
1.0859 2.6275e-15
1.0867 2.6593e-15
1.0874 2.6914e-15
1.0882 2.7239e-15
1.0889 2.7568e-15
1.0897 2.7901e-15
1.0904 2.8237e-15
1.0912 2.8577e-15
1.0919 2.8921e-15
1.0927 2.9269e-15
1.0935 2.962e-15
1.0942 2.9976e-15
1.095 3.0336e-15
1.0957 3.0699e-15
1.0965 3.1067e-15
1.0972 3.1439e-15
1.098 3.1815e-15
1.0988 3.2195e-15
1.0995 3.258e-15
1.1003 3.2969e-15
1.101 3.3362e-15
1.1018 3.376e-15
1.1026 3.4162e-15
1.1033 3.4568e-15
1.1041 3.4979e-15
1.1048 3.5395e-15
1.1056 3.5815e-15
1.1064 3.624e-15
1.1071 3.6669e-15
1.1079 3.7104e-15
1.1087 3.7543e-15
1.1094 3.7987e-15
1.1102 3.8436e-15
1.111 3.889e-15
1.1117 3.9349e-15
1.1125 3.9813e-15
1.1133 4.0282e-15
1.114 4.0756e-15
1.1148 4.1235e-15
1.1156 4.172e-15
1.1163 4.221e-15
1.1171 4.2706e-15
1.1179 4.3207e-15
1.1187 4.3713e-15
1.1194 4.4225e-15
1.1202 4.4743e-15
1.121 4.5266e-15
1.1218 4.5795e-15
1.1225 4.6329e-15
1.1233 4.687e-15
1.1241 4.7416e-15
1.1249 4.7969e-15
1.1256 4.8527e-15
1.1264 4.9092e-15
1.1272 4.9662e-15
1.128 5.0239e-15
1.1288 5.0822e-15
1.1295 5.1411e-15
1.1303 5.2007e-15
1.1311 5.2609e-15
1.1319 5.3218e-15
1.1327 5.3833e-15
1.1334 5.4455e-15
1.1342 5.5084e-15
1.135 5.5719e-15
1.1358 5.6362e-15
1.1366 5.7011e-15
1.1374 5.7667e-15
1.1382 5.833e-15
1.1389 5.9001e-15
1.1397 5.9678e-15
1.1405 6.0363e-15
1.1413 6.1055e-15
1.1421 6.1754e-15
1.1429 6.2461e-15
1.1437 6.3176e-15
1.1445 6.3898e-15
1.1452 6.4628e-15
1.146 6.5366e-15
1.1468 6.6111e-15
1.1476 6.6865e-15
1.1484 6.7626e-15
1.1492 6.8396e-15
1.15 6.9173e-15
1.1508 6.9959e-15
1.1516 7.0753e-15
1.1524 7.1556e-15
1.1532 7.2367e-15
1.154 7.3187e-15
1.1548 7.4015e-15
1.1556 7.4853e-15
1.1564 7.5699e-15
1.1572 7.6553e-15
1.158 7.7417e-15
1.1588 7.829e-15
1.1596 7.9172e-15
1.1604 8.0064e-15
1.1612 8.0965e-15
1.162 8.1875e-15
1.1628 8.2795e-15
1.1636 8.3724e-15
1.1644 8.4663e-15
1.1652 8.5612e-15
1.166 8.6571e-15
1.1668 8.7539e-15
1.1676 8.8518e-15
1.1684 8.9507e-15
1.1692 9.0507e-15
1.17 9.1517e-15
1.1708 9.2537e-15
1.1717 9.3568e-15
1.1725 9.4609e-15
1.1733 9.5662e-15
1.1741 9.6725e-15
1.1749 9.7799e-15
1.1757 9.8884e-15
1.1765 9.9981e-15
1.1773 1.0109e-14
1.1781 1.0221e-14
1.179 1.0334e-14
1.1798 1.0448e-14
1.1806 1.0564e-14
1.1814 1.068e-14
1.1822 1.0798e-14
1.183 1.0917e-14
1.1839 1.1037e-14
1.1847 1.1159e-14
1.1855 1.1281e-14
1.1863 1.1405e-14
1.1871 1.1531e-14
1.188 1.1657e-14
1.1888 1.1785e-14
1.1896 1.1914e-14
1.1904 1.2044e-14
1.1912 1.2176e-14
1.1921 1.2309e-14
1.1929 1.2444e-14
1.1937 1.258e-14
1.1945 1.2717e-14
1.1954 1.2855e-14
1.1962 1.2995e-14
1.197 1.3137e-14
1.1978 1.3279e-14
1.1987 1.3424e-14
1.1995 1.3569e-14
1.2003 1.3717e-14
1.2012 1.3865e-14
1.202 1.4016e-14
1.2028 1.4167e-14
1.2036 1.432e-14
1.2045 1.4475e-14
1.2053 1.4631e-14
1.2061 1.4789e-14
1.207 1.4949e-14
1.2078 1.511e-14
1.2086 1.5272e-14
1.2095 1.5437e-14
1.2103 1.5603e-14
1.2112 1.577e-14
1.212 1.594e-14
1.2128 1.611e-14
1.2137 1.6283e-14
1.2145 1.6457e-14
1.2153 1.6634e-14
1.2162 1.6811e-14
1.217 1.6991e-14
1.2179 1.7172e-14
1.2187 1.7356e-14
1.2196 1.7541e-14
1.2204 1.7727e-14
1.2212 1.7916e-14
1.2221 1.8107e-14
1.2229 1.8299e-14
1.2238 1.8493e-14
1.2246 1.869e-14
1.2255 1.8888e-14
1.2263 1.9088e-14
1.2272 1.929e-14
1.228 1.9494e-14
1.2289 1.97e-14
1.2297 1.9908e-14
1.2306 2.0118e-14
1.2314 2.033e-14
1.2323 2.0544e-14
1.2331 2.0761e-14
1.234 2.0979e-14
1.2348 2.12e-14
1.2357 2.1423e-14
1.2365 2.1647e-14
1.2374 2.1874e-14
1.2382 2.2104e-14
1.2391 2.2335e-14
1.2399 2.2569e-14
1.2408 2.2805e-14
1.2417 2.3043e-14
1.2425 2.3284e-14
1.2434 2.3527e-14
1.2442 2.3772e-14
1.2451 2.402e-14
1.2459 2.427e-14
1.2468 2.4522e-14
1.2477 2.4777e-14
1.2485 2.5035e-14
1.2494 2.5294e-14
1.2503 2.5557e-14
1.2511 2.5821e-14
1.252 2.6089e-14
1.2529 2.6359e-14
1.2537 2.6631e-14
1.2546 2.6906e-14
1.2555 2.7184e-14
1.2563 2.7465e-14
1.2572 2.7748e-14
1.2581 2.8033e-14
1.2589 2.8322e-14
1.2598 2.8613e-14
1.2607 2.8907e-14
1.2615 2.9204e-14
1.2624 2.9504e-14
1.2633 2.9806e-14
1.2642 3.0111e-14
1.265 3.042e-14
1.2659 3.0731e-14
1.2668 3.1045e-14
1.2677 3.1362e-14
1.2685 3.1682e-14
1.2694 3.2005e-14
1.2703 3.2331e-14
1.2712 3.266e-14
1.272 3.2993e-14
1.2729 3.3328e-14
1.2738 3.3666e-14
1.2747 3.4008e-14
1.2756 3.4353e-14
1.2764 3.4701e-14
1.2773 3.5053e-14
1.2782 3.5407e-14
1.2791 3.5765e-14
1.28 3.6127e-14
1.2809 3.6492e-14
1.2817 3.686e-14
1.2826 3.7231e-14
1.2835 3.7606e-14
1.2844 3.7985e-14
1.2853 3.8367e-14
1.2862 3.8752e-14
1.2871 3.9142e-14
1.288 3.9534e-14
1.2888 3.9931e-14
1.2897 4.0331e-14
1.2906 4.0735e-14
1.2915 4.1142e-14
1.2924 4.1553e-14
1.2933 4.1968e-14
1.2942 4.2387e-14
1.2951 4.281e-14
1.296 4.3237e-14
1.2969 4.3667e-14
1.2978 4.4102e-14
1.2987 4.454e-14
1.2996 4.4983e-14
1.3005 4.5429e-14
1.3014 4.588e-14
1.3023 4.6335e-14
1.3032 4.6794e-14
1.3041 4.7257e-14
1.305 4.7724e-14
1.3059 4.8196e-14
1.3068 4.8672e-14
1.3077 4.9152e-14
1.3086 4.9636e-14
1.3095 5.0125e-14
1.3104 5.0619e-14
1.3113 5.1117e-14
1.3122 5.1619e-14
1.3131 5.2126e-14
1.314 5.2638e-14
1.3149 5.3154e-14
1.3158 5.3675e-14
1.3167 5.42e-14
1.3176 5.473e-14
1.3186 5.5265e-14
1.3195 5.5805e-14
1.3204 5.635e-14
1.3213 5.69e-14
1.3222 5.7454e-14
1.3231 5.8014e-14
1.324 5.8578e-14
1.325 5.9148e-14
1.3259 5.9723e-14
1.3268 6.0302e-14
1.3277 6.0887e-14
1.3286 6.1478e-14
1.3295 6.2073e-14
1.3305 6.2674e-14
1.3314 6.328e-14
1.3323 6.3892e-14
1.3332 6.4509e-14
1.3341 6.5131e-14
1.3351 6.5759e-14
1.336 6.6393e-14
1.3369 6.7032e-14
1.3378 6.7677e-14
1.3388 6.8327e-14
1.3397 6.8983e-14
1.3406 6.9645e-14
1.3415 7.0313e-14
1.3425 7.0987e-14
1.3434 7.1667e-14
1.3443 7.2353e-14
1.3452 7.3044e-14
1.3462 7.3742e-14
1.3471 7.4446e-14
1.348 7.5156e-14
1.349 7.5872e-14
1.3499 7.6595e-14
1.3508 7.7324e-14
1.3518 7.8059e-14
1.3527 7.8801e-14
1.3536 7.9549e-14
1.3546 8.0304e-14
1.3555 8.1065e-14
1.3564 8.1833e-14
1.3574 8.2608e-14
1.3583 8.3389e-14
1.3593 8.4177e-14
1.3602 8.4972e-14
1.3611 8.5774e-14
1.3621 8.6582e-14
1.363 8.7398e-14
1.364 8.8221e-14
1.3649 8.9051e-14
1.3658 8.9888e-14
1.3668 9.0732e-14
1.3677 9.1584e-14
1.3687 9.2443e-14
1.3696 9.3309e-14
1.3706 9.4183e-14
1.3715 9.5064e-14
1.3725 9.5953e-14
1.3734 9.6849e-14
1.3744 9.7753e-14
1.3753 9.8665e-14
1.3763 9.9585e-14
1.3772 1.0051e-13
1.3782 1.0145e-13
1.3791 1.0239e-13
1.3801 1.0334e-13
1.381 1.043e-13
1.382 1.0527e-13
1.3829 1.0625e-13
1.3839 1.0723e-13
1.3848 1.0822e-13
1.3858 1.0922e-13
1.3868 1.1023e-13
1.3877 1.1125e-13
1.3887 1.1228e-13
1.3896 1.1331e-13
1.3906 1.1436e-13
1.3916 1.1541e-13
1.3925 1.1647e-13
1.3935 1.1754e-13
1.3944 1.1862e-13
1.3954 1.1971e-13
1.3964 1.2081e-13
1.3973 1.2191e-13
1.3983 1.2303e-13
1.3993 1.2416e-13
1.4002 1.2529e-13
1.4012 1.2644e-13
1.4022 1.2759e-13
1.4031 1.2875e-13
1.4041 1.2993e-13
1.4051 1.3111e-13
1.406 1.323e-13
1.407 1.3351e-13
1.408 1.3472e-13
1.409 1.3594e-13
1.4099 1.3718e-13
1.4109 1.3842e-13
1.4119 1.3967e-13
1.4129 1.4094e-13
1.4138 1.4221e-13
1.4148 1.435e-13
1.4158 1.4479e-13
1.4168 1.461e-13
1.4178 1.4742e-13
1.4187 1.4874e-13
1.4197 1.5008e-13
1.4207 1.5143e-13
1.4217 1.5279e-13
1.4227 1.5417e-13
1.4236 1.5555e-13
1.4246 1.5694e-13
1.4256 1.5835e-13
1.4266 1.5977e-13
1.4276 1.612e-13
1.4286 1.6264e-13
1.4296 1.6409e-13
1.4305 1.6556e-13
1.4315 1.6703e-13
1.4325 1.6852e-13
1.4335 1.7002e-13
1.4345 1.7154e-13
1.4355 1.7306e-13
1.4365 1.746e-13
1.4375 1.7615e-13
1.4385 1.7771e-13
1.4395 1.7929e-13
1.4405 1.8087e-13
1.4415 1.8247e-13
1.4424 1.8409e-13
1.4434 1.8571e-13
1.4444 1.8735e-13
1.4454 1.8901e-13
1.4464 1.9067e-13
1.4474 1.9235e-13
1.4484 1.9405e-13
1.4494 1.9575e-13
1.4504 1.9747e-13
1.4514 1.9921e-13
1.4524 2.0095e-13
1.4534 2.0272e-13
1.4545 2.0449e-13
1.4555 2.0628e-13
1.4565 2.0809e-13
1.4575 2.0991e-13
1.4585 2.1174e-13
1.4595 2.1359e-13
1.4605 2.1545e-13
1.4615 2.1733e-13
1.4625 2.1922e-13
1.4635 2.2113e-13
1.4645 2.2305e-13
1.4655 2.2499e-13
1.4666 2.2694e-13
1.4676 2.2891e-13
1.4686 2.3089e-13
1.4696 2.3289e-13
1.4706 2.3491e-13
1.4716 2.3694e-13
1.4727 2.3898e-13
1.4737 2.4105e-13
1.4747 2.4313e-13
1.4757 2.4522e-13
1.4767 2.4733e-13
1.4777 2.4946e-13
1.4788 2.5161e-13
1.4798 2.5377e-13
1.4808 2.5595e-13
1.4818 2.5814e-13
1.4829 2.6036e-13
1.4839 2.6259e-13
1.4849 2.6483e-13
1.4859 2.671e-13
1.487 2.6938e-13
1.488 2.7168e-13
1.489 2.74e-13
1.49 2.7634e-13
1.4911 2.7869e-13
1.4921 2.8106e-13
1.4931 2.8345e-13
1.4942 2.8586e-13
1.4952 2.8829e-13
1.4962 2.9074e-13
1.4973 2.932e-13
1.4983 2.9569e-13
1.4993 2.9819e-13
1.5004 3.0071e-13
1.5014 3.0325e-13
1.5024 3.0582e-13
1.5035 3.084e-13
1.5045 3.11e-13
1.5056 3.1362e-13
1.5066 3.1626e-13
1.5076 3.1892e-13
1.5087 3.216e-13
1.5097 3.243e-13
1.5108 3.2703e-13
1.5118 3.2977e-13
1.5129 3.3253e-13
1.5139 3.3532e-13
1.515 3.3812e-13
1.516 3.4095e-13
1.5171 3.438e-13
1.5181 3.4667e-13
1.5191 3.4956e-13
1.5202 3.5247e-13
1.5212 3.5541e-13
1.5223 3.5837e-13
1.5234 3.6135e-13
1.5244 3.6435e-13
1.5255 3.6738e-13
1.5265 3.7042e-13
1.5276 3.7349e-13
1.5286 3.7659e-13
1.5297 3.7971e-13
1.5307 3.8285e-13
1.5318 3.8601e-13
1.5329 3.892e-13
1.5339 3.9241e-13
1.535 3.9564e-13
1.536 3.989e-13
1.5371 4.0219e-13
1.5382 4.0549e-13
1.5392 4.0883e-13
1.5403 4.1219e-13
1.5413 4.1557e-13
1.5424 4.1898e-13
1.5435 4.2241e-13
1.5445 4.2587e-13
1.5456 4.2935e-13
1.5467 4.3286e-13
1.5477 4.364e-13
1.5488 4.3996e-13
1.5499 4.4354e-13
1.551 4.4716e-13
1.552 4.508e-13
1.5531 4.5447e-13
1.5542 4.5816e-13
1.5552 4.6188e-13
1.5563 4.6563e-13
1.5574 4.6941e-13
1.5585 4.7321e-13
1.5596 4.7705e-13
1.5606 4.8091e-13
1.5617 4.8479e-13
1.5628 4.8871e-13
1.5639 4.9266e-13
1.5649 4.9663e-13
1.566 5.0063e-13
1.5671 5.0466e-13
1.5682 5.0872e-13
1.5693 5.1282e-13
1.5704 5.1694e-13
1.5714 5.2109e-13
1.5725 5.2527e-13
1.5736 5.2948e-13
1.5747 5.3372e-13
1.5758 5.3799e-13
1.5769 5.4229e-13
1.578 5.4662e-13
1.5791 5.5099e-13
1.5802 5.5538e-13
1.5812 5.5981e-13
1.5823 5.6427e-13
1.5834 5.6876e-13
1.5845 5.7329e-13
1.5856 5.7784e-13
1.5867 5.8243e-13
1.5878 5.8705e-13
1.5889 5.9171e-13
1.59 5.9639e-13
1.5911 6.0111e-13
1.5922 6.0587e-13
1.5933 6.1066e-13
1.5944 6.1548e-13
1.5955 6.2034e-13
1.5966 6.2523e-13
1.5977 6.3015e-13
1.5988 6.3511e-13
1.5999 6.4011e-13
1.601 6.4514e-13
1.6021 6.5021e-13
1.6032 6.5531e-13
1.6044 6.6045e-13
1.6055 6.6563e-13
1.6066 6.7084e-13
1.6077 6.7608e-13
1.6088 6.8137e-13
1.6099 6.8669e-13
1.611 6.9205e-13
1.6121 6.9745e-13
1.6132 7.0288e-13
1.6144 7.0836e-13
1.6155 7.1387e-13
1.6166 7.1942e-13
1.6177 7.2501e-13
1.6188 7.3063e-13
1.6199 7.363e-13
1.6211 7.4201e-13
1.6222 7.4775e-13
1.6233 7.5354e-13
1.6244 7.5936e-13
1.6255 7.6523e-13
1.6267 7.7114e-13
1.6278 7.7708e-13
1.6289 7.8307e-13
1.63 7.891e-13
1.6312 7.9518e-13
1.6323 8.0129e-13
1.6334 8.0745e-13
1.6346 8.1365e-13
1.6357 8.1989e-13
1.6368 8.2617e-13
1.6379 8.325e-13
1.6391 8.3887e-13
1.6402 8.4528e-13
1.6413 8.5174e-13
1.6425 8.5824e-13
1.6436 8.6479e-13
1.6448 8.7138e-13
1.6459 8.7802e-13
1.647 8.847e-13
1.6482 8.9143e-13
1.6493 8.982e-13
1.6504 9.0502e-13
1.6516 9.1189e-13
1.6527 9.188e-13
1.6539 9.2576e-13
1.655 9.3277e-13
1.6562 9.3982e-13
1.6573 9.4693e-13
1.6584 9.5408e-13
1.6596 9.6127e-13
1.6607 9.6852e-13
1.6619 9.7582e-13
1.663 9.8316e-13
1.6642 9.9056e-13
1.6653 9.98e-13
1.6665 1.0055e-12
1.6676 1.013e-12
1.6688 1.0206e-12
1.6699 1.0283e-12
1.6711 1.036e-12
1.6722 1.0437e-12
1.6734 1.0515e-12
1.6746 1.0594e-12
1.6757 1.0673e-12
1.6769 1.0752e-12
1.678 1.0833e-12
1.6792 1.0913e-12
1.6804 1.0994e-12
1.6815 1.1076e-12
1.6827 1.1158e-12
1.6838 1.1241e-12
1.685 1.1324e-12
1.6862 1.1408e-12
1.6873 1.1493e-12
1.6885 1.1578e-12
1.6897 1.1663e-12
1.6908 1.175e-12
1.692 1.1836e-12
1.6932 1.1924e-12
1.6943 1.2011e-12
1.6955 1.21e-12
1.6967 1.2189e-12
1.6979 1.2278e-12
1.699 1.2369e-12
1.7002 1.2459e-12
1.7014 1.2551e-12
1.7026 1.2643e-12
1.7037 1.2735e-12
1.7049 1.2829e-12
1.7061 1.2922e-12
1.7073 1.3017e-12
1.7084 1.3112e-12
1.7096 1.3207e-12
1.7108 1.3304e-12
1.712 1.34e-12
1.7132 1.3498e-12
1.7144 1.3596e-12
1.7155 1.3695e-12
1.7167 1.3794e-12
1.7179 1.3894e-12
1.7191 1.3995e-12
1.7203 1.4096e-12
1.7215 1.4198e-12
1.7227 1.4301e-12
1.7239 1.4404e-12
1.725 1.4508e-12
1.7262 1.4613e-12
1.7274 1.4718e-12
1.7286 1.4824e-12
1.7298 1.4931e-12
1.731 1.5038e-12
1.7322 1.5146e-12
1.7334 1.5255e-12
1.7346 1.5364e-12
1.7358 1.5474e-12
1.737 1.5585e-12
1.7382 1.5697e-12
1.7394 1.5809e-12
1.7406 1.5922e-12
1.7418 1.6035e-12
1.743 1.615e-12
1.7442 1.6265e-12
1.7454 1.6381e-12
1.7466 1.6497e-12
1.7478 1.6615e-12
1.749 1.6733e-12
1.7502 1.6851e-12
1.7515 1.6971e-12
1.7527 1.7091e-12
1.7539 1.7212e-12
1.7551 1.7334e-12
1.7563 1.7457e-12
1.7575 1.758e-12
1.7587 1.7704e-12
1.7599 1.7829e-12
1.7612 1.7955e-12
1.7624 1.8081e-12
1.7636 1.8208e-12
1.7648 1.8336e-12
1.766 1.8465e-12
1.7673 1.8595e-12
1.7685 1.8725e-12
1.7697 1.8856e-12
1.7709 1.8989e-12
1.7721 1.9121e-12
1.7734 1.9255e-12
1.7746 1.939e-12
1.7758 1.9525e-12
1.7771 1.9661e-12
1.7783 1.9798e-12
1.7795 1.9936e-12
1.7807 2.0075e-12
1.782 2.0214e-12
1.7832 2.0355e-12
1.7844 2.0496e-12
1.7857 2.0638e-12
1.7869 2.0781e-12
1.7881 2.0925e-12
1.7894 2.107e-12
1.7906 2.1216e-12
1.7918 2.1362e-12
1.7931 2.151e-12
1.7943 2.1658e-12
1.7956 2.1808e-12
1.7968 2.1958e-12
1.798 2.2109e-12
1.7993 2.2261e-12
1.8005 2.2414e-12
1.8018 2.2568e-12
1.803 2.2722e-12
1.8043 2.2878e-12
1.8055 2.3035e-12
1.8068 2.3193e-12
1.808 2.3351e-12
1.8093 2.3511e-12
1.8105 2.3671e-12
1.8118 2.3833e-12
1.813 2.3995e-12
1.8143 2.4158e-12
1.8155 2.4323e-12
1.8168 2.4488e-12
1.818 2.4655e-12
1.8193 2.4822e-12
1.8205 2.499e-12
1.8218 2.516e-12
1.8231 2.533e-12
1.8243 2.5502e-12
1.8256 2.5674e-12
1.8268 2.5847e-12
1.8281 2.6022e-12
1.8294 2.6197e-12
1.8306 2.6374e-12
1.8319 2.6552e-12
1.8332 2.673e-12
1.8344 2.691e-12
1.8357 2.7091e-12
1.837 2.7273e-12
1.8382 2.7456e-12
1.8395 2.764e-12
1.8408 2.7825e-12
1.842 2.8011e-12
1.8433 2.8198e-12
1.8446 2.8387e-12
1.8459 2.8576e-12
1.8471 2.8767e-12
1.8484 2.8959e-12
1.8497 2.9151e-12
1.851 2.9345e-12
1.8523 2.954e-12
1.8535 2.9737e-12
1.8548 2.9934e-12
1.8561 3.0133e-12
1.8574 3.0332e-12
1.8587 3.0533e-12
1.8599 3.0735e-12
1.8612 3.0939e-12
1.8625 3.1143e-12
1.8638 3.1349e-12
1.8651 3.1555e-12
1.8664 3.1763e-12
1.8677 3.1972e-12
1.869 3.2183e-12
1.8703 3.2394e-12
1.8715 3.2607e-12
1.8728 3.2821e-12
1.8741 3.3037e-12
1.8754 3.3253e-12
1.8767 3.3471e-12
1.878 3.369e-12
1.8793 3.391e-12
1.8806 3.4132e-12
1.8819 3.4354e-12
1.8832 3.4578e-12
1.8845 3.4804e-12
1.8858 3.503e-12
1.8871 3.5258e-12
1.8884 3.5488e-12
1.8897 3.5718e-12
1.891 3.595e-12
1.8923 3.6183e-12
1.8937 3.6418e-12
1.895 3.6653e-12
1.8963 3.689e-12
1.8976 3.7129e-12
1.8989 3.7369e-12
1.9002 3.761e-12
1.9015 3.7853e-12
1.9028 3.8096e-12
1.9041 3.8342e-12
1.9055 3.8588e-12
1.9068 3.8836e-12
1.9081 3.9086e-12
1.9094 3.9337e-12
1.9107 3.9589e-12
1.9121 3.9843e-12
1.9134 4.0098e-12
1.9147 4.0354e-12
1.916 4.0612e-12
1.9173 4.0872e-12
1.9187 4.1133e-12
1.92 4.1395e-12
1.9213 4.1659e-12
1.9226 4.1924e-12
1.924 4.2191e-12
1.9253 4.2459e-12
1.9266 4.2728e-12
1.928 4.3e-12
1.9293 4.3272e-12
1.9306 4.3546e-12
1.932 4.3822e-12
1.9333 4.4099e-12
1.9346 4.4378e-12
1.936 4.4658e-12
1.9373 4.494e-12
1.9387 4.5223e-12
1.94 4.5508e-12
1.9413 4.5795e-12
1.9427 4.6083e-12
1.944 4.6372e-12
1.9454 4.6664e-12
1.9467 4.6956e-12
1.948 4.7251e-12
1.9494 4.7547e-12
1.9507 4.7844e-12
1.9521 4.8144e-12
1.9534 4.8445e-12
1.9548 4.8747e-12
1.9561 4.9051e-12
1.9575 4.9357e-12
1.9588 4.9665e-12
1.9602 4.9974e-12
1.9616 5.0284e-12
1.9629 5.0597e-12
1.9643 5.0911e-12
1.9656 5.1227e-12
1.967 5.1545e-12
1.9683 5.1864e-12
1.9697 5.2185e-12
1.9711 5.2507e-12
1.9724 5.2832e-12
1.9738 5.3158e-12
1.9751 5.3486e-12
1.9765 5.3816e-12
1.9779 5.4147e-12
1.9792 5.448e-12
1.9806 5.4815e-12
1.982 5.5152e-12
1.9834 5.5491e-12
1.9847 5.5831e-12
1.9861 5.6173e-12
1.9875 5.6517e-12
1.9888 5.6863e-12
1.9902 5.7211e-12
1.9916 5.7561e-12
1.993 5.7912e-12
1.9943 5.8265e-12
1.9957 5.862e-12
1.9971 5.8977e-12
1.9985 5.9336e-12
1.9999 5.9697e-12
2.0012 6.0059e-12
2.0026 6.0424e-12
2.004 6.079e-12
2.0054 6.1159e-12
2.0068 6.1529e-12
2.0082 6.1901e-12
2.0096 6.2276e-12
2.0109 6.2652e-12
2.0123 6.303e-12
2.0137 6.341e-12
2.0151 6.3792e-12
2.0165 6.4176e-12
2.0179 6.4562e-12
2.0193 6.495e-12
2.0207 6.5341e-12
2.0221 6.5733e-12
2.0235 6.6127e-12
2.0249 6.6523e-12
2.0263 6.6921e-12
2.0277 6.7322e-12
2.0291 6.7724e-12
2.0305 6.8128e-12
2.0319 6.8535e-12
2.0333 6.8944e-12
2.0347 6.9354e-12
2.0361 6.9767e-12
2.0375 7.0182e-12
2.0389 7.0599e-12
2.0403 7.1018e-12
2.0417 7.144e-12
2.0431 7.1863e-12
2.0446 7.2289e-12
2.046 7.2717e-12
2.0474 7.3147e-12
2.0488 7.3579e-12
2.0502 7.4014e-12
2.0516 7.445e-12
2.0531 7.4889e-12
2.0545 7.533e-12
2.0559 7.5774e-12
2.0573 7.6219e-12
2.0587 7.6667e-12
2.0602 7.7117e-12
2.0616 7.757e-12
2.063 7.8024e-12
2.0644 7.8481e-12
2.0659 7.894e-12
2.0673 7.9402e-12
2.0687 7.9866e-12
2.0701 8.0332e-12
2.0716 8.0801e-12
2.073 8.1272e-12
2.0744 8.1745e-12
2.0759 8.222e-12
2.0773 8.2698e-12
2.0787 8.3179e-12
2.0802 8.3662e-12
2.0816 8.4147e-12
2.0831 8.4634e-12
2.0845 8.5124e-12
2.0859 8.5617e-12
2.0874 8.6112e-12
2.0888 8.6609e-12
2.0903 8.7109e-12
2.0917 8.7611e-12
2.0931 8.8116e-12
2.0946 8.8623e-12
2.096 8.9133e-12
2.0975 8.9645e-12
2.0989 9.016e-12
2.1004 9.0678e-12
2.1018 9.1198e-12
2.1033 9.172e-12
2.1047 9.2245e-12
2.1062 9.2773e-12
2.1077 9.3303e-12
2.1091 9.3836e-12
2.1106 9.4371e-12
2.112 9.4909e-12
2.1135 9.5449e-12
2.1149 9.5993e-12
2.1164 9.6539e-12
2.1179 9.7087e-12
2.1193 9.7638e-12
2.1208 9.8192e-12
2.1223 9.8749e-12
2.1237 9.9308e-12
2.1252 9.987e-12
2.1267 1.0043e-11
2.1281 1.01e-11
2.1296 1.0157e-11
2.1311 1.0215e-11
2.1326 1.0272e-11
2.134 1.033e-11
2.1355 1.0388e-11
2.137 1.0446e-11
2.1385 1.0505e-11
2.1399 1.0564e-11
2.1414 1.0623e-11
2.1429 1.0683e-11
2.1444 1.0743e-11
2.1459 1.0803e-11
2.1473 1.0863e-11
2.1488 1.0924e-11
2.1503 1.0985e-11
2.1518 1.1046e-11
2.1533 1.1108e-11
2.1548 1.1169e-11
2.1563 1.1232e-11
2.1577 1.1294e-11
2.1592 1.1357e-11
2.1607 1.142e-11
2.1622 1.1483e-11
2.1637 1.1547e-11
2.1652 1.1611e-11
2.1667 1.1675e-11
2.1682 1.1739e-11
2.1697 1.1804e-11
2.1712 1.1869e-11
2.1727 1.1935e-11
2.1742 1.2e-11
2.1757 1.2066e-11
2.1772 1.2133e-11
2.1787 1.2199e-11
2.1802 1.2266e-11
2.1817 1.2334e-11
2.1832 1.2401e-11
2.1847 1.2469e-11
2.1863 1.2537e-11
2.1878 1.2606e-11
2.1893 1.2675e-11
2.1908 1.2744e-11
2.1923 1.2814e-11
2.1938 1.2883e-11
2.1953 1.2954e-11
2.1968 1.3024e-11
2.1984 1.3095e-11
2.1999 1.3166e-11
2.2014 1.3237e-11
2.2029 1.3309e-11
2.2044 1.3381e-11
2.206 1.3454e-11
2.2075 1.3526e-11
2.209 1.36e-11
2.2105 1.3673e-11
2.2121 1.3747e-11
2.2136 1.3821e-11
2.2151 1.3895e-11
2.2167 1.397e-11
2.2182 1.4045e-11
2.2197 1.4121e-11
2.2213 1.4197e-11
2.2228 1.4273e-11
2.2243 1.4349e-11
2.2259 1.4426e-11
2.2274 1.4503e-11
2.2289 1.4581e-11
2.2305 1.4659e-11
2.232 1.4737e-11
2.2336 1.4816e-11
2.2351 1.4895e-11
2.2367 1.4974e-11
2.2382 1.5054e-11
2.2398 1.5134e-11
2.2413 1.5214e-11
2.2428 1.5295e-11
2.2444 1.5376e-11
2.2459 1.5457e-11
2.2475 1.5539e-11
2.2491 1.5622e-11
2.2506 1.5704e-11
2.2522 1.5787e-11
2.2537 1.587e-11
2.2553 1.5954e-11
2.2568 1.6038e-11
2.2584 1.6123e-11
2.26 1.6207e-11
2.2615 1.6293e-11
2.2631 1.6378e-11
2.2646 1.6464e-11
2.2662 1.655e-11
2.2678 1.6637e-11
2.2693 1.6724e-11
2.2709 1.6812e-11
2.2725 1.69e-11
2.274 1.6988e-11
2.2756 1.7076e-11
2.2772 1.7165e-11
2.2788 1.7255e-11
2.2803 1.7345e-11
2.2819 1.7435e-11
2.2835 1.7526e-11
2.2851 1.7617e-11
2.2867 1.7708e-11
2.2882 1.78e-11
2.2898 1.7892e-11
2.2914 1.7985e-11
2.293 1.8078e-11
2.2946 1.8171e-11
2.2961 1.8265e-11
2.2977 1.8359e-11
2.2993 1.8454e-11
2.3009 1.8549e-11
2.3025 1.8644e-11
2.3041 1.874e-11
2.3057 1.8836e-11
2.3073 1.8933e-11
2.3089 1.903e-11
2.3105 1.9128e-11
2.3121 1.9225e-11
2.3137 1.9324e-11
2.3153 1.9423e-11
2.3169 1.9522e-11
2.3185 1.9622e-11
2.3201 1.9722e-11
2.3217 1.9822e-11
2.3233 1.9923e-11
2.3249 2.0024e-11
2.3265 2.0126e-11
2.3281 2.0228e-11
2.3297 2.0331e-11
2.3313 2.0434e-11
2.3329 2.0538e-11
2.3345 2.0642e-11
2.3361 2.0746e-11
2.3378 2.0851e-11
2.3394 2.0957e-11
2.341 2.1062e-11
2.3426 2.1169e-11
2.3442 2.1275e-11
2.3458 2.1382e-11
2.3475 2.149e-11
2.3491 2.1598e-11
2.3507 2.1706e-11
2.3523 2.1815e-11
2.354 2.1925e-11
2.3556 2.2035e-11
2.3572 2.2145e-11
2.3588 2.2256e-11
2.3605 2.2367e-11
2.3621 2.2479e-11
2.3637 2.2591e-11
2.3654 2.2704e-11
2.367 2.2817e-11
2.3686 2.2931e-11
2.3703 2.3045e-11
2.3719 2.3159e-11
2.3736 2.3274e-11
2.3752 2.339e-11
2.3768 2.3506e-11
2.3785 2.3622e-11
2.3801 2.3739e-11
2.3818 2.3857e-11
2.3834 2.3975e-11
2.3851 2.4093e-11
2.3867 2.4212e-11
2.3884 2.4332e-11
2.39 2.4452e-11
2.3917 2.4572e-11
2.3933 2.4693e-11
2.395 2.4815e-11
2.3966 2.4937e-11
2.3983 2.5059e-11
2.3999 2.5182e-11
2.4016 2.5306e-11
2.4033 2.543e-11
2.4049 2.5554e-11
2.4066 2.5679e-11
2.4082 2.5805e-11
2.4099 2.5931e-11
2.4116 2.6058e-11
2.4132 2.6185e-11
2.4149 2.6312e-11
2.4166 2.6441e-11
2.4182 2.6569e-11
2.4199 2.6699e-11
2.4216 2.6828e-11
2.4233 2.6959e-11
2.4249 2.709e-11
2.4266 2.7221e-11
2.4283 2.7353e-11
2.43 2.7486e-11
2.4316 2.7619e-11
2.4333 2.7752e-11
2.435 2.7886e-11
2.4367 2.8021e-11
2.4384 2.8156e-11
2.4401 2.8292e-11
2.4417 2.8429e-11
2.4434 2.8566e-11
2.4451 2.8703e-11
2.4468 2.8841e-11
2.4485 2.898e-11
2.4502 2.9119e-11
2.4519 2.9259e-11
2.4536 2.9399e-11
2.4553 2.954e-11
2.457 2.9682e-11
2.4587 2.9824e-11
2.4604 2.9967e-11
2.4621 3.011e-11
2.4638 3.0254e-11
2.4655 3.0398e-11
2.4672 3.0544e-11
2.4689 3.0689e-11
2.4706 3.0836e-11
2.4723 3.0982e-11
2.474 3.113e-11
2.4757 3.1278e-11
2.4774 3.1427e-11
2.4791 3.1576e-11
2.4808 3.1726e-11
2.4826 3.1877e-11
2.4843 3.2028e-11
2.486 3.218e-11
2.4877 3.2333e-11
2.4894 3.2486e-11
2.4912 3.264e-11
2.4929 3.2794e-11
2.4946 3.2949e-11
2.4963 3.3105e-11
2.498 3.3261e-11
2.4998 3.3419e-11
2.5015 3.3576e-11
2.5032 3.3735e-11
2.505 3.3894e-11
2.5067 3.4054e-11
2.5084 3.4214e-11
2.5102 3.4375e-11
2.5119 3.4537e-11
2.5136 3.4699e-11
2.5154 3.4862e-11
2.5171 3.5026e-11
2.5188 3.5191e-11
2.5206 3.5356e-11
2.5223 3.5522e-11
2.5241 3.5689e-11
2.5258 3.5856e-11
2.5276 3.6024e-11
2.5293 3.6193e-11
2.531 3.6363e-11
2.5328 3.6533e-11
2.5345 3.6704e-11
2.5363 3.6876e-11
2.538 3.7049e-11
2.5398 3.7222e-11
2.5416 3.7396e-11
2.5433 3.7571e-11
2.5451 3.7747e-11
2.5468 3.7923e-11
2.5486 3.81e-11
2.5504 3.8278e-11
2.5521 3.8457e-11
2.5539 3.8637e-11
2.5556 3.8817e-11
2.5574 3.8998e-11
2.5592 3.918e-11
2.5609 3.9363e-11
2.5627 3.9547e-11
2.5645 3.9731e-11
2.5663 3.9917e-11
2.568 4.0103e-11
2.5698 4.029e-11
2.5716 4.0478e-11
2.5734 4.0667e-11
2.5751 4.0856e-11
2.5769 4.1047e-11
2.5787 4.1238e-11
2.5805 4.1431e-11
2.5823 4.1624e-11
2.584 4.1818e-11
2.5858 4.2013e-11
2.5876 4.2209e-11
2.5894 4.2406e-11
2.5912 4.2604e-11
2.593 4.2803e-11
2.5948 4.3003e-11
2.5966 4.3204e-11
2.5984 4.3405e-11
2.6002 4.3608e-11
2.602 4.3812e-11
2.6038 4.4017e-11
2.6056 4.4223e-11
2.6074 4.443e-11
2.6092 4.4638e-11
2.611 4.4847e-11
2.6128 4.5057e-11
2.6146 4.5268e-11
2.6164 4.548e-11
2.6182 4.5693e-11
2.62 4.5908e-11
2.6218 4.6124e-11
2.6236 4.634e-11
2.6254 4.6558e-11
2.6272 4.6777e-11
2.6291 4.6997e-11
2.6309 4.7219e-11
2.6327 4.7442e-11
2.6345 4.7665e-11
2.6363 4.789e-11
2.6382 4.8117e-11
2.64 4.8344e-11
2.6418 4.8573e-11
2.6436 4.8803e-11
2.6455 4.9035e-11
2.6473 4.9268e-11
2.6491 4.9502e-11
2.6509 4.9737e-11
2.6528 4.9974e-11
2.6546 5.0213e-11
2.6564 5.0452e-11
2.6583 5.0694e-11
2.6601 5.0936e-11
2.662 5.118e-11
2.6638 5.1426e-11
2.6656 5.1673e-11
2.6675 5.1922e-11
2.6693 5.2172e-11
2.6712 5.2424e-11
2.673 5.2677e-11
2.6749 5.2932e-11
2.6767 5.3189e-11
2.6786 5.3447e-11
2.6804 5.3707e-11
2.6823 5.3969e-11
2.6841 5.4232e-11
2.686 5.4497e-11
2.6878 5.4764e-11
2.6897 5.5033e-11
2.6915 5.5304e-11
2.6934 5.5576e-11
2.6953 5.5851e-11
2.6971 5.6127e-11
2.699 5.6406e-11
2.7008 5.6686e-11
2.7027 5.6968e-11
2.7046 5.7253e-11
2.7064 5.754e-11
2.7083 5.7828e-11
2.7102 5.8119e-11
2.7121 5.8412e-11
2.7139 5.8707e-11
2.7158 5.9005e-11
2.7177 5.9305e-11
2.7196 5.9607e-11
2.7214 5.9912e-11
2.7233 6.0219e-11
2.7252 6.0528e-11
2.7271 6.084e-11
2.729 6.1155e-11
2.7309 6.1472e-11
2.7328 6.1792e-11
2.7346 6.2114e-11
2.7365 6.244e-11
2.7384 6.2768e-11
2.7403 6.3098e-11
2.7422 6.3432e-11
2.7441 6.3769e-11
2.746 6.4108e-11
2.7479 6.4451e-11
2.7498 6.4797e-11
2.7517 6.5146e-11
2.7536 6.5498e-11
2.7555 6.5853e-11
2.7574 6.6212e-11
2.7593 6.6574e-11
2.7612 6.694e-11
2.7631 6.7309e-11
2.765 6.7681e-11
2.7669 6.8058e-11
2.7689 6.8438e-11
2.7708 6.8821e-11
2.7727 6.9209e-11
2.7746 6.9601e-11
2.7765 6.9996e-11
2.7784 7.0396e-11
2.7804 7.08e-11
2.7823 7.1208e-11
2.7842 7.162e-11
2.7861 7.2037e-11
2.788 7.2458e-11
2.79 7.2884e-11
2.7919 7.3314e-11
2.7938 7.3749e-11
2.7958 7.4189e-11
2.7977 7.4634e-11
2.7996 7.5084e-11
2.8016 7.554e-11
2.8035 7.6e-11
2.8054 7.6466e-11
2.8074 7.6937e-11
2.8093 7.7414e-11
2.8113 7.7896e-11
2.8132 7.8384e-11
2.8151 7.8878e-11
2.8171 7.9378e-11
2.819 7.9884e-11
2.821 8.0397e-11
2.8229 8.0916e-11
2.8249 8.1441e-11
2.8268 8.1973e-11
2.8288 8.2512e-11
2.8307 8.3058e-11
2.8327 8.361e-11
2.8347 8.417e-11
2.8366 8.4737e-11
2.8386 8.5312e-11
2.8405 8.5895e-11
2.8425 8.6485e-11
2.8445 8.7083e-11
2.8464 8.7689e-11
2.8484 8.8304e-11
2.8504 8.8927e-11
2.8523 8.9559e-11
2.8543 9.0199e-11
2.8563 9.0849e-11
2.8582 9.1508e-11
2.8602 9.2176e-11
2.8622 9.2854e-11
2.8642 9.3541e-11
2.8662 9.4238e-11
2.8681 9.4946e-11
2.8701 9.5664e-11
2.8721 9.6393e-11
2.8741 9.7132e-11
2.8761 9.7883e-11
2.8781 9.8645e-11
2.88 9.9418e-11
2.882 1.002e-10
2.884 1.01e-10
2.886 1.0181e-10
2.888 1.0263e-10
2.89 1.0347e-10
2.892 1.0431e-10
2.894 1.0518e-10
2.896 1.0605e-10
2.898 1.0694e-10
2.9 1.0784e-10
2.902 1.0876e-10
2.904 1.0969e-10
2.906 1.1064e-10
2.908 1.116e-10
2.91 1.1258e-10
2.9121 1.1357e-10
2.9141 1.1458e-10
2.9161 1.1561e-10
2.9181 1.1666e-10
2.9201 1.1772e-10
2.9221 1.188e-10
2.9242 1.199e-10
2.9262 1.2101e-10
2.9282 1.2215e-10
2.9302 1.2331e-10
2.9322 1.2448e-10
2.9343 1.2568e-10
2.9363 1.2689e-10
2.9383 1.2813e-10
2.9404 1.2939e-10
2.9424 1.3067e-10
2.9444 1.3197e-10
2.9465 1.333e-10
2.9485 1.3465e-10
2.9505 1.3602e-10
2.9526 1.3742e-10
2.9546 1.3884e-10
2.9567 1.4029e-10
2.9587 1.4177e-10
2.9607 1.4327e-10
2.9628 1.448e-10
2.9648 1.4635e-10
2.9669 1.4794e-10
2.9689 1.4955e-10
2.971 1.5119e-10
2.973 1.5286e-10
2.9751 1.5457e-10
2.9771 1.563e-10
2.9792 1.5807e-10
2.9813 1.5987e-10
2.9833 1.617e-10
2.9854 1.6357e-10
2.9874 1.6547e-10
2.9895 1.6741e-10
2.9916 1.6938e-10
2.9936 1.714e-10
2.9957 1.7345e-10
2.9978 1.7553e-10
2.9999 1.7766e-10
3.0019 1.7983e-10
3.004 1.8204e-10
3.0061 1.8429e-10
3.0082 1.8658e-10
3.0102 1.8892e-10
3.0123 1.913e-10
3.0144 1.9373e-10
3.0165 1.9621e-10
3.0186 1.9873e-10
3.0206 2.013e-10
3.0227 2.0393e-10
3.0248 2.066e-10
3.0269 2.0932e-10
3.029 2.121e-10
3.0311 2.1493e-10
3.0332 2.1782e-10
3.0353 2.2076e-10
3.0374 2.2376e-10
3.0395 2.2682e-10
3.0416 2.2993e-10
3.0437 2.3311e-10
3.0458 2.3636e-10
3.0479 2.3966e-10
3.05 2.4303e-10
3.0521 2.4647e-10
3.0542 2.4998e-10
3.0563 2.5355e-10
3.0584 2.5719e-10
3.0606 2.6091e-10
3.0627 2.647e-10
3.0648 2.6857e-10
3.0669 2.7251e-10
3.069 2.7653e-10
3.0711 2.8063e-10
3.0733 2.8482e-10
3.0754 2.8908e-10
3.0775 2.9343e-10
3.0796 2.9787e-10
3.0818 3.024e-10
3.0839 3.0701e-10
3.086 3.1172e-10
3.0882 3.1653e-10
3.0903 3.2143e-10
3.0924 3.2643e-10
3.0946 3.3152e-10
3.0967 3.3672e-10
3.0988 3.4203e-10
3.101 3.4744e-10
3.1031 3.5296e-10
3.1053 3.5859e-10
3.1074 3.6433e-10
3.1096 3.7019e-10
3.1117 3.7617e-10
3.1139 3.8227e-10
3.116 3.8849e-10
3.1182 3.9484e-10
3.1203 4.0131e-10
3.1225 4.0791e-10
3.1246 4.1465e-10
3.1268 4.2153e-10
3.129 4.2854e-10
3.1311 4.3569e-10
3.1333 4.4299e-10
3.1355 4.5044e-10
3.1376 4.5803e-10
3.1398 4.6578e-10
3.142 4.7369e-10
3.1441 4.8175e-10
3.1463 4.8998e-10
3.1485 4.9838e-10
3.1506 5.0694e-10
3.1528 5.1568e-10
3.155 5.246e-10
3.1572 5.3369e-10
3.1594 5.4297e-10
3.1615 5.5244e-10
3.1637 5.6209e-10
3.1659 5.7195e-10
3.1681 5.82e-10
3.1703 5.9225e-10
3.1725 6.0272e-10
3.1747 6.1339e-10
3.1769 6.2428e-10
3.1791 6.3539e-10
3.1813 6.4673e-10
3.1835 6.5829e-10
3.1857 6.7009e-10
3.1879 6.8212e-10
3.1901 6.944e-10
3.1923 7.0693e-10
3.1945 7.1971e-10
3.1967 7.3275e-10
3.1989 7.4605e-10
3.2011 7.5962e-10
3.2033 7.7346e-10
3.2055 7.8759e-10
3.2077 8.0199e-10
3.21 8.1669e-10
3.2122 8.3169e-10
3.2144 8.4698e-10
3.2166 8.6259e-10
3.2188 8.7851e-10
3.2211 8.9475e-10
3.2233 9.1132e-10
3.2255 9.2822e-10
3.2278 9.4546e-10
3.23 9.6304e-10
3.2322 9.8098e-10
3.2344 9.9929e-10
3.2367 1.018e-09
3.2389 1.037e-09
3.2412 1.0564e-09
3.2434 1.0762e-09
3.2456 1.0965e-09
3.2479 1.1171e-09
3.2501 1.1381e-09
3.2524 1.1596e-09
3.2546 1.1815e-09
3.2569 1.2038e-09
3.2591 1.2265e-09
3.2614 1.2498e-09
3.2636 1.2735e-09
3.2659 1.2976e-09
3.2681 1.3223e-09
3.2704 1.3474e-09
3.2727 1.3731e-09
3.2749 1.3992e-09
3.2772 1.4259e-09
3.2794 1.4531e-09
3.2817 1.4808e-09
3.284 1.5091e-09
3.2862 1.538e-09
3.2885 1.5674e-09
3.2908 1.5975e-09
3.2931 1.6281e-09
3.2953 1.6593e-09
3.2976 1.6912e-09
3.2999 1.7237e-09
3.3022 1.7568e-09
3.3045 1.7906e-09
3.3067 1.825e-09
3.309 1.8602e-09
3.3113 1.896e-09
3.3136 1.9326e-09
3.3159 1.9698e-09
3.3182 2.0078e-09
3.3205 2.0466e-09
3.3228 2.0861e-09
3.3251 2.1264e-09
3.3274 2.1675e-09
3.3297 2.2094e-09
3.332 2.2521e-09
3.3343 2.2957e-09
3.3366 2.3401e-09
3.3389 2.3854e-09
3.3412 2.4316e-09
3.3435 2.4787e-09
3.3458 2.5268e-09
3.3481 2.5757e-09
3.3504 2.6257e-09
3.3527 2.6766e-09
3.3551 2.7285e-09
3.3574 2.7814e-09
3.3597 2.8354e-09
3.362 2.8904e-09
3.3643 2.9465e-09
3.3667 3.0037e-09
3.369 3.062e-09
3.3713 3.1214e-09
3.3736 3.182e-09
3.376 3.2438e-09
3.3783 3.3068e-09
3.3806 3.371e-09
3.383 3.4364e-09
3.3853 3.5032e-09
3.3877 3.5712e-09
3.39 3.6405e-09
3.3923 3.7112e-09
3.3947 3.7833e-09
3.397 3.8567e-09
3.3994 3.9316e-09
3.4017 4.008e-09
3.4041 4.0858e-09
3.4064 4.1651e-09
3.4088 4.2459e-09
3.4111 4.3283e-09
3.4135 4.4123e-09
3.4159 4.4979e-09
3.4182 4.5852e-09
3.4206 4.6741e-09
3.4229 4.7648e-09
3.4253 4.8571e-09
3.4277 4.9513e-09
3.43 5.0473e-09
3.4324 5.1451e-09
3.4348 5.2448e-09
3.4372 5.3464e-09
3.4395 5.4499e-09
3.4419 5.5555e-09
3.4443 5.663e-09
3.4467 5.7726e-09
3.4491 5.8843e-09
3.4514 5.9981e-09
3.4538 6.1141e-09
3.4562 6.2323e-09
3.4586 6.3528e-09
3.461 6.4755e-09
3.4634 6.6006e-09
3.4658 6.7281e-09
3.4682 6.8579e-09
3.4706 6.9903e-09
3.473 7.1251e-09
3.4754 7.2625e-09
3.4778 7.4026e-09
3.4802 7.5452e-09
3.4826 7.6906e-09
3.485 7.8387e-09
3.4874 7.9896e-09
3.4898 8.1433e-09
3.4922 8.3e-09
3.4946 8.4596e-09
3.497 8.6222e-09
3.4995 8.7878e-09
3.5019 8.9566e-09
3.5043 9.1286e-09
3.5067 9.3038e-09
3.5091 9.4822e-09
3.5116 9.664e-09
3.514 9.8493e-09
3.5164 1.0038e-08
3.5188 1.023e-08
3.5213 1.0426e-08
3.5237 1.0625e-08
3.5261 1.0829e-08
3.5286 1.1036e-08
3.531 1.1246e-08
3.5335 1.1461e-08
3.5359 1.168e-08
3.5383 1.1903e-08
3.5408 1.213e-08
3.5432 1.2361e-08
3.5457 1.2597e-08
3.5481 1.2836e-08
3.5506 1.3081e-08
3.553 1.333e-08
3.5555 1.3583e-08
3.558 1.3841e-08
3.5604 1.4104e-08
3.5629 1.4372e-08
3.5653 1.4644e-08
3.5678 1.4922e-08
3.5703 1.5205e-08
3.5727 1.5493e-08
3.5752 1.5786e-08
3.5777 1.6085e-08
3.5801 1.6389e-08
3.5826 1.6699e-08
3.5851 1.7015e-08
3.5876 1.7336e-08
3.59 1.7663e-08
3.5925 1.7996e-08
3.595 1.8336e-08
3.5975 1.8681e-08
3.6 1.9033e-08
3.6025 1.9391e-08
3.605 1.9756e-08
3.6074 2.0127e-08
3.6099 2.0505e-08
3.6124 2.089e-08
3.6149 2.1282e-08
3.6174 2.1682e-08
3.6199 2.2088e-08
3.6224 2.2502e-08
3.6249 2.2923e-08
3.6274 2.3352e-08
3.6299 2.3789e-08
3.6325 2.4233e-08
3.635 2.4686e-08
3.6375 2.5147e-08
3.64 2.5616e-08
3.6425 2.6093e-08
3.645 2.6579e-08
3.6475 2.7074e-08
3.6501 2.7578e-08
3.6526 2.8091e-08
3.6551 2.8613e-08
3.6576 2.9145e-08
3.6602 2.9686e-08
3.6627 3.0237e-08
3.6652 3.0797e-08
3.6678 3.1368e-08
3.6703 3.1949e-08
3.6728 3.254e-08
3.6754 3.3142e-08
3.6779 3.3754e-08
3.6804 3.4378e-08
3.683 3.5012e-08
3.6855 3.5658e-08
3.6881 3.6315e-08
3.6906 3.6985e-08
3.6932 3.7665e-08
3.6957 3.8359e-08
3.6983 3.9064e-08
3.7008 3.9782e-08
3.7034 4.0512e-08
3.706 4.1256e-08
3.7085 4.2012e-08
3.7111 4.2782e-08
3.7136 4.3566e-08
3.7162 4.4363e-08
3.7188 4.5175e-08
3.7213 4.6001e-08
3.7239 4.6841e-08
3.7265 4.7696e-08
3.7291 4.8567e-08
3.7316 4.9452e-08
3.7342 5.0353e-08
3.7368 5.127e-08
3.7394 5.2203e-08
3.742 5.3152e-08
3.7446 5.4118e-08
3.7471 5.5101e-08
3.7497 5.61e-08
3.7523 5.7118e-08
3.7549 5.8153e-08
3.7575 5.9206e-08
3.7601 6.0278e-08
3.7627 6.1368e-08
3.7653 6.2477e-08
3.7679 6.3605e-08
3.7705 6.4754e-08
3.7731 6.5921e-08
3.7757 6.711e-08
3.7783 6.8319e-08
3.7809 6.9548e-08
3.7836 7.0799e-08
3.7862 7.2072e-08
3.7888 7.3367e-08
3.7914 7.4684e-08
3.794 7.6023e-08
3.7966 7.7386e-08
3.7993 7.8773e-08
3.8019 8.0183e-08
3.8045 8.1617e-08
3.8072 8.3076e-08
3.8098 8.456e-08
3.8124 8.607e-08
3.815 8.7605e-08
3.8177 8.9167e-08
3.8203 9.0756e-08
3.823 9.2371e-08
3.8256 9.4015e-08
3.8282 9.5686e-08
3.8309 9.7386e-08
3.8335 9.9115e-08
3.8362 1.0087e-07
3.8388 1.0266e-07
3.8415 1.0448e-07
3.8441 1.0633e-07
3.8468 1.0821e-07
3.8495 1.1012e-07
3.8521 1.1207e-07
3.8548 1.1405e-07
3.8574 1.1606e-07
3.8601 1.1811e-07
3.8628 1.2019e-07
3.8654 1.223e-07
3.8681 1.2445e-07
3.8708 1.2664e-07
3.8735 1.2887e-07
3.8761 1.3113e-07
3.8788 1.3343e-07
3.8815 1.3577e-07
3.8842 1.3815e-07
3.8869 1.4057e-07
3.8896 1.4302e-07
3.8922 1.4552e-07
3.8949 1.4807e-07
3.8976 1.5065e-07
3.9003 1.5328e-07
3.903 1.5595e-07
3.9057 1.5867e-07
3.9084 1.6143e-07
3.9111 1.6424e-07
3.9138 1.6709e-07
3.9165 1.6999e-07
3.9192 1.7294e-07
3.9219 1.7594e-07
3.9246 1.7899e-07
3.9274 1.8209e-07
3.9301 1.8524e-07
3.9328 1.8845e-07
3.9355 1.917e-07
3.9382 1.9501e-07
3.9409 1.9838e-07
3.9437 2.018e-07
3.9464 2.0528e-07
3.9491 2.0881e-07
3.9518 2.1241e-07
3.9546 2.1606e-07
3.9573 2.1977e-07
3.96 2.2355e-07
3.9628 2.2738e-07
3.9655 2.3128e-07
3.9683 2.3524e-07
3.971 2.3927e-07
3.9737 2.4336e-07
3.9765 2.4752e-07
3.9792 2.5175e-07
3.982 2.5605e-07
3.9847 2.6042e-07
3.9875 2.6486e-07
3.9902 2.6937e-07
3.993 2.7396e-07
3.9958 2.7862e-07
3.9985 2.8335e-07
4.0013 2.8816e-07
4.0041 2.9305e-07
4.0068 2.9803e-07
4.0096 3.0308e-07
4.0124 3.0821e-07
4.0151 3.1343e-07
4.0179 3.1873e-07
4.0207 3.2411e-07
4.0235 3.2959e-07
4.0262 3.3515e-07
4.029 3.408e-07
4.0318 3.4654e-07
4.0346 3.5238e-07
4.0374 3.5831e-07
4.0402 3.6433e-07
4.043 3.7045e-07
4.0458 3.7667e-07
4.0486 3.8299e-07
4.0514 3.8941e-07
4.0542 3.9594e-07
4.057 4.0256e-07
4.0598 4.093e-07
4.0626 4.1614e-07
4.0654 4.2309e-07
4.0682 4.3015e-07
4.071 4.3733e-07
4.0738 4.4462e-07
4.0766 4.5202e-07
4.0794 4.5955e-07
4.0823 4.6719e-07
4.0851 4.7495e-07
4.0879 4.8284e-07
4.0907 4.9085e-07
4.0935 4.9899e-07
4.0964 5.0726e-07
4.0992 5.1566e-07
4.102 5.2419e-07
4.1049 5.3286e-07
4.1077 5.4166e-07
4.1106 5.5061e-07
4.1134 5.5969e-07
4.1162 5.6892e-07
4.1191 5.7829e-07
4.1219 5.8781e-07
4.1248 5.9748e-07
4.1276 6.073e-07
4.1305 6.1728e-07
4.1333 6.2741e-07
4.1362 6.377e-07
4.139 6.4815e-07
4.1419 6.5876e-07
4.1448 6.6955e-07
4.1476 6.8049e-07
4.1505 6.9162e-07
4.1534 7.0291e-07
4.1562 7.1438e-07
4.1591 7.2603e-07
4.162 7.3786e-07
4.1649 7.4987e-07
4.1677 7.6207e-07
4.1706 7.7446e-07
4.1735 7.8704e-07
4.1764 7.9982e-07
4.1793 8.1279e-07
4.1822 8.2597e-07
4.185 8.3935e-07
4.1879 8.5293e-07
4.1908 8.6673e-07
4.1937 8.8074e-07
4.1966 8.9496e-07
4.1995 9.094e-07
4.2024 9.2407e-07
4.2053 9.3896e-07
4.2082 9.5408e-07
4.2111 9.6943e-07
4.2141 9.8502e-07
4.217 1.0008e-06
4.2199 1.0169e-06
4.2228 1.0332e-06
4.2257 1.0498e-06
4.2286 1.0666e-06
4.2316 1.0837e-06
4.2345 1.101e-06
4.2374 1.1186e-06
4.2403 1.1365e-06
4.2433 1.1546e-06
4.2462 1.173e-06
4.2491 1.1917e-06
4.2521 1.2107e-06
4.255 1.23e-06
4.2579 1.2496e-06
4.2609 1.2694e-06
4.2638 1.2896e-06
4.2668 1.31e-06
4.2697 1.3308e-06
4.2727 1.3519e-06
4.2756 1.3733e-06
4.2786 1.395e-06
4.2815 1.4171e-06
4.2845 1.4394e-06
4.2875 1.4622e-06
4.2904 1.4852e-06
4.2934 1.5086e-06
4.2964 1.5324e-06
4.2993 1.5565e-06
4.3023 1.581e-06
4.3053 1.6059e-06
4.3082 1.6311e-06
4.3112 1.6567e-06
4.3142 1.6826e-06
4.3172 1.709e-06
4.3202 1.7358e-06
4.3231 1.7629e-06
4.3261 1.7905e-06
4.3291 1.8185e-06
4.3321 1.8469e-06
4.3351 1.8757e-06
4.3381 1.9049e-06
4.3411 1.9346e-06
4.3441 1.9647e-06
4.3471 1.9952e-06
4.3501 2.0263e-06
4.3531 2.0577e-06
4.3561 2.0897e-06
4.3591 2.1221e-06
4.3621 2.155e-06
4.3652 2.1883e-06
4.3682 2.2222e-06
4.3712 2.2565e-06
4.3742 2.2914e-06
4.3772 2.3268e-06
4.3803 2.3627e-06
4.3833 2.3991e-06
4.3863 2.4361e-06
4.3893 2.4736e-06
4.3924 2.5116e-06
4.3954 2.5502e-06
4.3985 2.5894e-06
4.4015 2.6291e-06
4.4045 2.6694e-06
4.4076 2.7104e-06
4.4106 2.7519e-06
4.4137 2.794e-06
4.4167 2.8367e-06
4.4198 2.88e-06
4.4228 2.924e-06
4.4259 2.9686e-06
4.4289 3.0139e-06
4.432 3.0598e-06
4.4351 3.1064e-06
4.4381 3.1536e-06
4.4412 3.2016e-06
4.4443 3.2502e-06
4.4473 3.2995e-06
4.4504 3.3496e-06
4.4535 3.4003e-06
4.4566 3.4518e-06
4.4596 3.5041e-06
4.4627 3.557e-06
4.4658 3.6108e-06
4.4689 3.6653e-06
4.472 3.7206e-06
4.4751 3.7767e-06
4.4782 3.8336e-06
4.4813 3.8913e-06
4.4844 3.9499e-06
4.4875 4.0092e-06
4.4906 4.0695e-06
4.4937 4.1305e-06
4.4968 4.1925e-06
4.4999 4.2553e-06
4.503 4.3191e-06
4.5061 4.3837e-06
4.5092 4.4493e-06
4.5123 4.5157e-06
4.5154 4.5832e-06
4.5186 4.6516e-06
4.5217 4.7209e-06
4.5248 4.7912e-06
4.5279 4.8626e-06
4.5311 4.9349e-06
4.5342 5.0083e-06
4.5373 5.0827e-06
4.5405 5.1581e-06
4.5436 5.2346e-06
4.5467 5.3122e-06
4.5499 5.3909e-06
4.553 5.4707e-06
4.5562 5.5516e-06
4.5593 5.6336e-06
4.5625 5.7168e-06
4.5656 5.8011e-06
4.5688 5.8867e-06
4.5719 5.9734e-06
4.5751 6.0614e-06
4.5783 6.1505e-06
4.5814 6.2409e-06
4.5846 6.3326e-06
4.5878 6.4256e-06
4.5909 6.5198e-06
4.5941 6.6154e-06
4.5973 6.7123e-06
4.6004 6.8105e-06
4.6036 6.9101e-06
4.6068 7.0111e-06
4.61 7.1135e-06
4.6132 7.2173e-06
4.6164 7.3225e-06
4.6196 7.4292e-06
4.6227 7.5373e-06
4.6259 7.647e-06
4.6291 7.7582e-06
4.6323 7.8709e-06
4.6355 7.9851e-06
4.6387 8.1009e-06
4.6419 8.2184e-06
4.6452 8.3374e-06
4.6484 8.458e-06
4.6516 8.5804e-06
4.6548 8.7044e-06
4.658 8.83e-06
4.6612 8.9575e-06
4.6644 9.0866e-06
4.6677 9.2175e-06
4.6709 9.3502e-06
4.6741 9.4848e-06
4.6774 9.6211e-06
4.6806 9.7593e-06
4.6838 9.8994e-06
4.6871 1.0041e-05
4.6903 1.0185e-05
4.6935 1.0331e-05
4.6968 1.0479e-05
4.7 1.0629e-05
4.7033 1.0781e-05
4.7065 1.0935e-05
4.7098 1.1091e-05
4.713 1.1249e-05
4.7163 1.1409e-05
4.7195 1.1572e-05
4.7228 1.1736e-05
4.7261 1.1903e-05
4.7293 1.2072e-05
4.7326 1.2244e-05
4.7359 1.2417e-05
4.7391 1.2593e-05
4.7424 1.2772e-05
4.7457 1.2952e-05
4.749 1.3135e-05
4.7523 1.3321e-05
4.7555 1.3509e-05
4.7588 1.37e-05
4.7621 1.3893e-05
4.7654 1.4089e-05
4.7687 1.4287e-05
4.772 1.4488e-05
4.7753 1.4692e-05
4.7786 1.4898e-05
4.7819 1.5107e-05
4.7852 1.5319e-05
4.7885 1.5534e-05
4.7918 1.5751e-05
4.7951 1.5972e-05
4.7984 1.6195e-05
4.8018 1.6421e-05
4.8051 1.6651e-05
4.8084 1.6883e-05
4.8117 1.7118e-05
4.815 1.7357e-05
4.8184 1.7599e-05
4.8217 1.7843e-05
4.825 1.8091e-05
4.8284 1.8343e-05
4.8317 1.8597e-05
4.835 1.8855e-05
4.8384 1.9117e-05
4.8417 1.9381e-05
4.8451 1.965e-05
4.8484 1.9921e-05
4.8518 2.0197e-05
4.8551 2.0475e-05
4.8585 2.0758e-05
4.8618 2.1044e-05
4.8652 2.1334e-05
4.8686 2.1628e-05
4.8719 2.1925e-05
4.8753 2.2227e-05
4.8787 2.2532e-05
4.882 2.2841e-05
4.8854 2.3154e-05
4.8888 2.3472e-05
4.8922 2.3793e-05
4.8955 2.4119e-05
4.8989 2.4449e-05
4.9023 2.4783e-05
4.9057 2.5121e-05
4.9091 2.5464e-05
4.9125 2.5811e-05
4.9159 2.6162e-05
4.9193 2.6519e-05
4.9227 2.6879e-05
4.9261 2.7245e-05
4.9295 2.7615e-05
4.9329 2.799e-05
4.9363 2.8369e-05
4.9397 2.8754e-05
4.9431 2.9143e-05
4.9465 2.9537e-05
4.9499 2.9937e-05
4.9534 3.0341e-05
4.9568 3.0751e-05
4.9602 3.1166e-05
4.9636 3.1586e-05
4.9671 3.2011e-05
4.9705 3.2442e-05
4.9739 3.2879e-05
4.9774 3.332e-05
4.9808 3.3768e-05
4.9843 3.4221e-05
4.9877 3.468e-05
4.9911 3.5145e-05
4.9946 3.5615e-05
4.998 3.6092e-05
5.0015 3.6574e-05
5.005 3.7063e-05
5.0084 3.7558e-05
5.0119 3.8059e-05
5.0153 3.8566e-05
5.0188 3.908e-05
5.0223 3.96e-05
5.0257 4.0127e-05
5.0292 4.066e-05
5.0327 4.12e-05
5.0362 4.1747e-05
5.0396 4.23e-05
5.0431 4.2861e-05
5.0466 4.3428e-05
5.0501 4.4003e-05
5.0536 4.4585e-05
5.0571 4.5174e-05
5.0606 4.577e-05
5.0641 4.6374e-05
5.0676 4.6985e-05
5.0711 4.7604e-05
5.0746 4.8231e-05
5.0781 4.8865e-05
5.0816 4.9507e-05
5.0851 5.0157e-05
5.0886 5.0815e-05
5.0921 5.1482e-05
5.0957 5.2156e-05
5.0992 5.2839e-05
5.1027 5.353e-05
5.1062 5.423e-05
5.1098 5.4938e-05
5.1133 5.5655e-05
5.1168 5.6381e-05
5.1204 5.7116e-05
5.1239 5.786e-05
5.1274 5.8613e-05
5.131 5.9375e-05
5.1345 6.0147e-05
5.1381 6.0928e-05
5.1416 6.1718e-05
5.1452 6.2519e-05
5.1487 6.3329e-05
5.1523 6.4148e-05
5.1558 6.4978e-05
5.1594 6.5818e-05
5.163 6.6668e-05
5.1665 6.7529e-05
5.1701 6.84e-05
5.1737 6.9281e-05
5.1773 7.0173e-05
5.1808 7.1076e-05
5.1844 7.199e-05
5.188 7.2915e-05
5.1916 7.3852e-05
5.1952 7.4799e-05
5.1988 7.5758e-05
5.2024 7.6728e-05
5.206 7.7711e-05
5.2095 7.8705e-05
5.2131 7.9711e-05
5.2167 8.0729e-05
5.2204 8.1759e-05
5.224 8.2802e-05
5.2276 8.3857e-05
5.2312 8.4925e-05
5.2348 8.6005e-05
5.2384 8.7099e-05
5.242 8.8205e-05
5.2457 8.9325e-05
5.2493 9.0458e-05
5.2529 9.1605e-05
5.2565 9.2765e-05
5.2602 9.3939e-05
5.2638 9.5127e-05
5.2674 9.633e-05
5.2711 9.7546e-05
5.2747 9.8777e-05
5.2784 0.00010002
5.282 0.00010128
5.2857 0.00010256
5.2893 0.00010385
5.293 0.00010515
5.2966 0.00010647
5.3003 0.00010781
5.304 0.00010916
5.3076 0.00011053
5.3113 0.00011192
5.315 0.00011332
5.3186 0.00011473
5.3223 0.00011617
5.326 0.00011762
5.3297 0.00011909
5.3333 0.00012057
5.337 0.00012207
5.3407 0.00012359
5.3444 0.00012513
5.3481 0.00012669
5.3518 0.00012826
5.3555 0.00012985
5.3592 0.00013146
5.3629 0.00013309
5.3666 0.00013474
5.3703 0.00013641
5.374 0.00013809
5.3777 0.0001398
5.3815 0.00014153
5.3852 0.00014327
5.3889 0.00014504
5.3926 0.00014682
5.3963 0.00014863
5.4001 0.00015046
5.4038 0.00015231
5.4075 0.00015418
5.4113 0.00015607
5.415 0.00015799
5.4188 0.00015992
5.4225 0.00016188
5.4263 0.00016386
5.43 0.00016586
5.4338 0.00016789
5.4375 0.00016994
5.4413 0.00017201
5.445 0.00017411
5.4488 0.00017623
5.4526 0.00017837
5.4563 0.00018054
5.4601 0.00018274
5.4639 0.00018496
5.4676 0.0001872
5.4714 0.00018947
5.4752 0.00019177
5.479 0.00019409
5.4828 0.00019644
5.4866 0.00019881
5.4903 0.00020121
5.4941 0.00020364
5.4979 0.0002061
5.5017 0.00020858
5.5055 0.00021109
5.5093 0.00021363
5.5132 0.0002162
5.517 0.0002188
5.5208 0.00022143
5.5246 0.00022408
5.5284 0.00022677
5.5322 0.00022949
5.536 0.00023223
5.5399 0.00023501
5.5437 0.00023782
5.5475 0.00024066
5.5514 0.00024353
5.5552 0.00024644
5.559 0.00024937
5.5629 0.00025234
5.5667 0.00025535
5.5706 0.00025838
5.5744 0.00026145
5.5783 0.00026455
5.5821 0.00026769
5.586 0.00027087
5.5898 0.00027407
5.5937 0.00027732
5.5976 0.0002806
5.6014 0.00028391
5.6053 0.00028727
5.6092 0.00029066
5.6131 0.00029408
5.6169 0.00029755
5.6208 0.00030105
5.6247 0.00030459
5.6286 0.00030817
5.6325 0.00031179
5.6364 0.00031545
5.6403 0.00031915
5.6442 0.00032289
5.6481 0.00032667
5.652 0.0003305
5.6559 0.00033436
5.6598 0.00033827
5.6637 0.00034222
5.6676 0.00034621
5.6715 0.00035025
5.6754 0.00035433
5.6794 0.00035845
5.6833 0.00036262
5.6872 0.00036683
5.6911 0.00037109
5.6951 0.0003754
5.699 0.00037975
5.703 0.00038415
5.7069 0.0003886
5.7108 0.0003931
5.7148 0.00039764
5.7187 0.00040224
5.7227 0.00040688
5.7266 0.00041157
5.7306 0.00041632
5.7346 0.00042111
5.7385 0.00042596
5.7425 0.00043086
5.7465 0.00043581
5.7504 0.00044081
5.7544 0.00044587
5.7584 0.00045098
5.7624 0.00045615
5.7663 0.00046137
5.7703 0.00046665
5.7743 0.00047198
5.7783 0.00047737
5.7823 0.00048282
5.7863 0.00048833
5.7903 0.00049389
5.7943 0.00049952
5.7983 0.0005052
5.8023 0.00051094
5.8063 0.00051675
5.8103 0.00052262
5.8143 0.00052854
5.8184 0.00053454
5.8224 0.00054059
5.8264 0.00054671
5.8304 0.00055289
5.8345 0.00055914
5.8385 0.00056545
5.8425 0.00057184
5.8466 0.00057828
5.8506 0.0005848
5.8546 0.00059138
5.8587 0.00059804
5.8627 0.00060476
5.8668 0.00061155
5.8708 0.00061842
5.8749 0.00062535
5.879 0.00063236
5.883 0.00063944
5.8871 0.0006466
5.8911 0.00065383
5.8952 0.00066113
5.8993 0.00066851
5.9034 0.00067597
5.9074 0.00068351
5.9115 0.00069112
5.9156 0.00069881
5.9197 0.00070659
5.9238 0.00071444
5.9279 0.00072237
5.932 0.00073039
5.9361 0.00073849
5.9402 0.00074667
5.9443 0.00075494
5.9484 0.00076329
5.9525 0.00077173
5.9566 0.00078025
5.9607 0.00078887
5.9649 0.00079757
5.969 0.00080636
5.9731 0.00081524
5.9772 0.00082421
5.9814 0.00083327
5.9855 0.00084243
5.9896 0.00085168
5.9938 0.00086102
5.9979 0.00087046
6.0021 0.00088
6.0062 0.00088963
6.0104 0.00089936
6.0145 0.00090919
6.0187 0.00091912
6.0228 0.00092915
6.027 0.00093928
6.0311 0.00094952
6.0353 0.00095985
6.0395 0.0009703
6.0437 0.00098085
6.0478 0.0009915
6.052 0.0010023
6.0562 0.0010131
6.0604 0.0010241
6.0646 0.0010352
6.0688 0.0010464
6.073 0.0010577
6.0772 0.0010692
6.0814 0.0010807
6.0856 0.0010924
6.0898 0.0011041
6.094 0.001116
6.0982 0.001128
6.1024 0.0011402
6.1066 0.0011524
6.1108 0.0011648
6.115 0.0011773
6.1193 0.0011899
6.1235 0.0012027
6.1277 0.0012156
6.132 0.0012286
6.1362 0.0012417
6.1404 0.001255
6.1447 0.0012684
6.1489 0.0012819
6.1532 0.0012956
6.1574 0.0013094
6.1617 0.0013233
6.166 0.0013374
6.1702 0.0013516
6.1745 0.0013659
6.1787 0.0013804
6.183 0.001395
6.1873 0.0014098
6.1916 0.0014248
6.1958 0.0014398
6.2001 0.001455
6.2044 0.0014704
6.2087 0.0014859
6.213 0.0015016
6.2173 0.0015174
6.2216 0.0015334
6.2259 0.0015495
6.2302 0.0015658
6.2345 0.0015823
6.2388 0.0015989
6.2431 0.0016156
6.2474 0.0016326
6.2517 0.0016497
6.256 0.0016669
6.2604 0.0016844
6.2647 0.001702
6.269 0.0017197
6.2734 0.0017377
6.2777 0.0017558
6.282 0.0017741
6.2864 0.0017926
6.2907 0.0018112
6.2951 0.00183
6.2994 0.001849
6.3038 0.0018682
6.3081 0.0018876
6.3125 0.0019071
6.3168 0.0019269
6.3212 0.0019468
6.3256 0.001967
6.3299 0.0019873
6.3343 0.0020078
6.3387 0.0020285
6.3431 0.0020494
6.3475 0.0020705
6.3518 0.0020918
6.3562 0.0021133
6.3606 0.002135
6.365 0.002157
6.3694 0.0021791
6.3738 0.0022014
6.3782 0.002224
6.3826 0.0022467
6.387 0.0022697
6.3915 0.0022929
6.3959 0.0023163
6.4003 0.00234
6.4047 0.0023638
6.4091 0.0023879
6.4136 0.0024122
6.418 0.0024368
6.4224 0.0024615
6.4269 0.0024865
6.4313 0.0025118
6.4358 0.0025372
6.4402 0.002563
6.4447 0.0025889
6.4491 0.0026151
6.4536 0.0026416
6.458 0.0026682
6.4625 0.0026952
6.467 0.0027224
6.4714 0.0027498
6.4759 0.0027775
6.4804 0.0028055
6.4849 0.0028337
6.4893 0.0028622
6.4938 0.0028909
6.4983 0.0029199
6.5028 0.0029492
6.5073 0.0029787
6.5118 0.0030085
6.5163 0.0030386
6.5208 0.003069
6.5253 0.0030997
6.5298 0.0031306
6.5343 0.0031618
6.5388 0.0031933
6.5433 0.0032251
6.5479 0.0032572
6.5524 0.0032896
6.5569 0.0033223
6.5615 0.0033553
6.566 0.0033885
6.5705 0.0034221
6.5751 0.003456
6.5796 0.0034902
6.5842 0.0035247
6.5887 0.0035596
6.5933 0.0035947
6.5978 0.0036302
6.6024 0.003666
6.6069 0.0037021
6.6115 0.0037385
6.6161 0.0037753
6.6206 0.0038124
6.6252 0.0038498
6.6298 0.0038876
6.6344 0.0039257
6.639 0.0039642
6.6435 0.004003
6.6481 0.0040422
6.6527 0.0040817
6.6573 0.0041215
6.6619 0.0041618
6.6665 0.0042024
6.6711 0.0042433
6.6757 0.0042846
6.6804 0.0043263
6.685 0.0043684
6.6896 0.0044108
6.6942 0.0044537
6.6988 0.0044969
6.7035 0.0045405
6.7081 0.0045844
6.7127 0.0046288
6.7174 0.0046736
6.722 0.0047187
6.7267 0.0047643
6.7313 0.0048103
6.736 0.0048566
6.7406 0.0049034
6.7453 0.0049506
6.7499 0.0049983
6.7546 0.0050463
6.7593 0.0050948
6.7639 0.0051437
6.7686 0.005193
6.7733 0.0052427
6.778 0.0052929
6.7827 0.0053436
6.7873 0.0053947
6.792 0.0054462
6.7967 0.0054982
6.8014 0.0055506
6.8061 0.0056035
6.8108 0.0056569
6.8155 0.0057107
6.8202 0.005765
6.825 0.0058198
6.8297 0.005875
6.8344 0.0059308
6.8391 0.005987
6.8438 0.0060437
6.8486 0.0061009
6.8533 0.0061586
6.858 0.0062168
6.8628 0.0062755
6.8675 0.0063347
6.8723 0.0063945
6.877 0.0064547
6.8818 0.0065155
6.8865 0.0065768
6.8913 0.0066386
6.896 0.0067009
6.9008 0.0067638
6.9056 0.0068272
6.9103 0.0068912
6.9151 0.0069557
6.9199 0.0070208
6.9247 0.0070864
6.9295 0.0071526
6.9343 0.0072194
6.939 0.0072867
6.9438 0.0073547
6.9486 0.0074232
6.9534 0.0074922
6.9582 0.0075619
6.9631 0.0076322
6.9679 0.007703
6.9727 0.0077745
6.9775 0.0078465
6.9823 0.0079192
6.9871 0.0079925
6.992 0.0080664
6.9968 0.008141
7.0016 0.0082161
7.0065 0.008292
7.0113 0.0083684
7.0162 0.0084455
7.021 0.0085233
7.0259 0.0086017
7.0307 0.0086807
7.0356 0.0087604
7.0404 0.0088408
7.0453 0.0089219
7.0502 0.0090037
7.055 0.0090861
7.0599 0.0091692
7.0648 0.009253
7.0697 0.0093376
7.0746 0.0094228
7.0795 0.0095087
7.0843 0.0095954
7.0892 0.0096828
7.0941 0.0097709
7.099 0.0098597
7.104 0.0099493
7.1089 0.01004
7.1138 0.010131
7.1187 0.010223
7.1236 0.010315
7.1285 0.010408
7.1335 0.010503
7.1384 0.010598
7.1433 0.010693
7.1483 0.01079
7.1532 0.010887
7.1581 0.010985
7.1631 0.011084
7.168 0.011184
7.173 0.011284
7.1779 0.011385
7.1829 0.011488
7.1879 0.011591
7.1928 0.011694
7.1978 0.011799
7.2028 0.011905
7.2078 0.012011
7.2127 0.012118
7.2177 0.012227
7.2227 0.012336
7.2277 0.012446
7.2327 0.012556
7.2377 0.012668
7.2427 0.012781
7.2477 0.012894
7.2527 0.013009
7.2577 0.013124
7.2627 0.01324
7.2678 0.013358
7.2728 0.013476
7.2778 0.013595
7.2828 0.013715
7.2879 0.013836
7.2929 0.013958
7.2979 0.014081
7.303 0.014205
7.308 0.01433
7.3131 0.014456
7.3181 0.014583
7.3232 0.014712
7.3282 0.014841
7.3333 0.014971
7.3384 0.015102
7.3434 0.015234
7.3485 0.015367
7.3536 0.015502
7.3587 0.015637
7.3638 0.015773
7.3689 0.015911
7.3739 0.01605
7.379 0.016189
7.3841 0.01633
7.3892 0.016472
7.3943 0.016615
7.3995 0.016759
7.4046 0.016905
7.4097 0.017051
7.4148 0.017199
7.4199 0.017348
7.4251 0.017498
7.4302 0.017649
7.4353 0.017801
7.4405 0.017955
7.4456 0.01811
7.4508 0.018265
7.4559 0.018423
7.4611 0.018581
7.4662 0.018741
7.4714 0.018902
7.4765 0.019064
7.4817 0.019227
7.4869 0.019392
7.492 0.019558
7.4972 0.019725
7.5024 0.019894
7.5076 0.020064
7.5128 0.020235
7.518 0.020407
7.5232 0.020581
7.5284 0.020756
7.5336 0.020933
7.5388 0.021111
7.544 0.02129
7.5492 0.021471
7.5544 0.021653
7.5596 0.021836
7.5648 0.022021
7.5701 0.022207
7.5753 0.022395
7.5805 0.022584
7.5858 0.022775
7.591 0.022967
7.5963 0.02316
7.6015 0.023355
7.6068 0.023552
7.612 0.02375
7.6173 0.023949
7.6225 0.02415
7.6278 0.024353
7.6331 0.024557
7.6384 0.024763
7.6436 0.02497
7.6489 0.025179
7.6542 0.025389
7.6595 0.025601
7.6648 0.025814
7.6701 0.02603
7.6754 0.026246
7.6807 0.026465
7.686 0.026685
7.6913 0.026907
7.6966 0.02713
7.7019 0.027355
7.7073 0.027582
7.7126 0.02781
7.7179 0.02804
7.7232 0.028272
7.7286 0.028506
7.7339 0.028741
7.7393 0.028978
7.7446 0.029217
7.75 0.029458
7.7553 0.029701
7.7607 0.029945
7.766 0.030191
7.7714 0.030439
7.7768 0.030689
7.7822 0.03094
7.7875 0.031194
7.7929 0.031449
7.7983 0.031706
7.8037 0.031966
7.8091 0.032227
7.8145 0.03249
7.8199 0.032755
7.8253 0.033021
7.8307 0.03329
7.8361 0.033561
7.8415 0.033834
7.8469 0.034109
7.8524 0.034386
7.8578 0.034664
7.8632 0.034945
7.8686 0.035228
7.8741 0.035513
7.8795 0.0358
7.885 0.03609
7.8904 0.036381
7.8959 0.036674
7.9013 0.03697
7.9068 0.037268
7.9122 0.037568
7.9177 0.03787
7.9232 0.038174
7.9287 0.03848
7.9341 0.038789
7.9396 0.0391
7.9451 0.039413
7.9506 0.039729
7.9561 0.040046
7.9616 0.040366
7.9671 0.040688
7.9726 0.041013
7.9781 0.04134
7.9836 0.041669
7.9891 0.042001
7.9947 0.042335
8.0002 0.042671
8.0057 0.04301
8.0112 0.043351
8.0168 0.043695
8.0223 0.044041
8.0279 0.04439
8.0334 0.044741
8.039 0.045095
8.0445 0.045451
8.0501 0.045809
8.0556 0.04617
8.0612 0.046534
8.0668 0.046901
8.0724 0.047269
8.0779 0.047641
8.0835 0.048015
8.0891 0.048392
8.0947 0.048771
8.1003 0.049153
8.1059 0.049538
8.1115 0.049926
8.1171 0.050316
8.1227 0.050709
8.1283 0.051105
8.1339 0.051503
8.1395 0.051905
8.1452 0.052309
8.1508 0.052716
8.1564 0.053125
8.1621 0.053538
8.1677 0.053954
8.1733 0.054372
8.179 0.054793
8.1846 0.055218
8.1903 0.055645
8.196 0.056075
8.2016 0.056508
8.2073 0.056944
8.213 0.057384
8.2186 0.057826
8.2243 0.058271
8.23 0.05872
8.2357 0.059171
8.2414 0.059626
8.2471 0.060083
8.2528 0.060544
8.2585 0.061008
8.2642 0.061475
8.2699 0.061946
8.2756 0.06242
8.2813 0.062896
8.2871 0.063377
8.2928 0.06386
8.2985 0.064347
8.3042 0.064837
8.31 0.06533
8.3157 0.065827
8.3215 0.066327
8.3272 0.066831
8.333 0.067338
8.3387 0.067848
8.3445 0.068362
8.3503 0.06888
8.356 0.0694
8.3618 0.069925
8.3676 0.070453
8.3734 0.070984
8.3792 0.071519
8.3849 0.072058
8.3907 0.072601
8.3965 0.073147
8.4023 0.073696
8.4081 0.07425
8.414 0.074807
8.4198 0.075368
8.4256 0.075932
8.4314 0.0765
8.4372 0.077073
8.4431 0.077649
8.4489 0.078228
8.4547 0.078812
8.4606 0.0794
8.4664 0.079991
8.4723 0.080587
8.4781 0.081186
8.484 0.08179
8.4898 0.082397
8.4957 0.083008
8.5016 0.083624
8.5075 0.084243
8.5133 0.084867
8.5192 0.085495
8.5251 0.086127
8.531 0.086763
8.5369 0.087403
8.5428 0.088047
8.5487 0.088696
8.5546 0.089349
8.5605 0.090006
8.5664 0.090668
8.5724 0.091334
8.5783 0.092004
8.5842 0.092679
8.5901 0.093358
8.5961 0.094041
8.602 0.094729
8.608 0.095422
8.6139 0.096119
8.6199 0.09682
8.6258 0.097526
8.6318 0.098237
8.6377 0.098952
8.6437 0.099672
8.6497 0.1004
8.6557 0.10113
8.6616 0.10186
8.6676 0.1026
8.6736 0.10334
8.6796 0.10409
8.6856 0.10484
8.6916 0.1056
8.6976 0.10636
8.7036 0.10713
8.7096 0.1079
8.7157 0.10868
8.7217 0.10946
8.7277 0.11025
8.7337 0.11104
8.7398 0.11184
8.7458 0.11264
8.7519 0.11345
8.7579 0.11427
8.764 0.11508
8.77 0.11591
8.7761 0.11674
8.7821 0.11757
8.7882 0.11841
8.7943 0.11925
8.8004 0.1201
8.8064 0.12096
8.8125 0.12182
8.8186 0.12269
8.8247 0.12356
8.8308 0.12443
8.8369 0.12532
8.843 0.1262
8.8491 0.1271
8.8552 0.128
8.8614 0.1289
8.8675 0.12981
8.8736 0.13073
8.8797 0.13165
8.8859 0.13258
8.892 0.13351
8.8982 0.13445
8.9043 0.1354
8.9105 0.13635
8.9166 0.13731
8.9228 0.13827
8.9289 0.13924
8.9351 0.14021
8.9413 0.14119
8.9475 0.14218
8.9536 0.14317
8.9598 0.14417
8.966 0.14518
8.9722 0.14619
8.9784 0.14721
8.9846 0.14823
8.9908 0.14926
8.997 0.1503
9.0033 0.15135
9.0095 0.15239
9.0157 0.15345
9.0219 0.15451
9.0282 0.15558
9.0344 0.15666
9.0407 0.15774
9.0469 0.15883
9.0532 0.15993
9.0594 0.16103
9.0657 0.16214
9.0719 0.16325
9.0782 0.16437
9.0845 0.1655
9.0908 0.16664
9.097 0.16778
9.1033 0.16893
9.1096 0.17009
9.1159 0.17125
9.1222 0.17242
9.1285 0.1736
9.1348 0.17479
9.1411 0.17598
9.1474 0.17718
9.1538 0.17839
9.1601 0.1796
9.1664 0.18082
9.1728 0.18205
9.1791 0.18329
9.1854 0.18453
9.1918 0.18578
9.1981 0.18704
9.2045 0.1883
9.2109 0.18958
9.2172 0.19086
9.2236 0.19215
9.23 0.19344
9.2363 0.19475
9.2427 0.19606
9.2491 0.19738
9.2555 0.1987
9.2619 0.20004
9.2683 0.20138
9.2747 0.20273
9.2811 0.20409
9.2875 0.20546
9.2939 0.20683
9.3004 0.20821
9.3068 0.20961
9.3132 0.211
9.3197 0.21241
9.3261 0.21383
9.3325 0.21525
9.339 0.21668
9.3454 0.21812
9.3519 0.21957
9.3584 0.22103
9.3648 0.2225
9.3713 0.22397
9.3778 0.22545
9.3843 0.22695
9.3907 0.22845
9.3972 0.22996
9.4037 0.23147
9.4102 0.233
9.4167 0.23454
9.4232 0.23608
9.4297 0.23763
9.4363 0.2392
9.4428 0.24077
9.4493 0.24235
9.4558 0.24394
9.4624 0.24554
9.4689 0.24714
9.4755 0.24876
9.482 0.25039
9.4886 0.25202
9.4951 0.25367
9.5017 0.25532
9.5082 0.25699
9.5148 0.25866
9.5214 0.26034
9.528 0.26203
9.5345 0.26374
9.5411 0.26545
9.5477 0.26717
9.5543 0.2689
9.5609 0.27064
9.5675 0.27239
9.5741 0.27415
9.5808 0.27592
9.5874 0.27771
9.594 0.2795
9.6006 0.2813
9.6073 0.28311
9.6139 0.28493
9.6206 0.28676
9.6272 0.2886
9.6339 0.29045
9.6405 0.29232
9.6472 0.29419
9.6538 0.29607
9.6605 0.29797
9.6672 0.29987
9.6739 0.30179
9.6805 0.30371
9.6872 0.30565
9.6939 0.3076
9.7006 0.30956
9.7073 0.31152
9.714 0.3135
9.7208 0.3155
9.7275 0.3175
9.7342 0.31951
9.7409 0.32154
9.7477 0.32357
9.7544 0.32562
9.7611 0.32768
9.7679 0.32974
9.7746 0.33183
9.7814 0.33392
9.7881 0.33602
9.7949 0.33814
9.8017 0.34026
9.8084 0.3424
9.8152 0.34455
9.822 0.34671
9.8288 0.34889
9.8356 0.35107
9.8424 0.35327
9.8492 0.35548
9.856 0.3577
9.8628 0.35993
9.8696 0.36218
9.8764 0.36444
9.8833 0.36671
9.8901 0.36899
9.8969 0.37128
9.9038 0.37359
9.9106 0.37591
9.9174 0.37824
9.9243 0.38059
9.9312 0.38295
9.938 0.38532
9.9449 0.3877
9.9518 0.39009
9.9586 0.3925
9.9655 0.39492
9.9724 0.39736
9.9793 0.3998
9.9862 0.40226
9.9931 0.40474
10.0 0.40722
100.0 1.0
